,Instruct,Cache Miss,Branch Miss,Cache R,Cache W,LL1 Data C,LL1 Instruct Cache,LLC,D TLB,Instruct Cache,Y
0,83584747,9630635,3949058,34364932,3949058,99304262,1.40724E+14,2136217,99304262,934011,0
1,28397186,7646423,6684695,138521093,6684695,75880489,9.39499E+13,1869190,75880489,878148,0
2,50029348,12355381,4435358,52063596,4435358,90599649,1.40724E+14,2173073,90599649,1100900,0
3,50029348,12355381,3553532,18940489,3553532,90276029,0,2374964,90275990,1202902,0
4,382358189,2066746,250760,9526798,250760,33821575,1.40726E+14,803479,33845840,196157,0
5,769437736,2091368,225683,15678707,225683,8303262,9.3844E+13,309492,8303221,84553,0
6,583961231,2206634,256950,42948107,256950,7256189,1.40726E+14,284332,7256189,65433,0
7,583961231,2206634,275283,17792203,275283,9318451,0,328929,9318451,75489,0
8,7319059,12579541,3138849,55162795,3138849,46318287,1.40736E+14,1393908,46318287,228239,0
9,37295482,9983228,3328484,70913251,3328484,87922451,9.45423E+13,1455518,87922410,731831,0
10,16247709,12235625,7156396,33104405,7156396,117863980,1.40736E+14,2485072,117863980,1292935,0
11,16247709,12235625,5083447,84501363,5083447,25725901,0,607935,25717711,242780,0
12,1043885148,2075016,354181,2534038,354181,214768227,1.40733E+14,3789720,214768227,1526910,0
13,776437443,1623946,211403,5277859,211403,183190525,9.47956E+13,3907617,183190525,1608798,0
14,1040983742,3055939,299940,3705150,299940,262546163,1.40733E+14,4483210,262546163,1948983,0
15,1040983742,3055939,101896,3954622,101896,233917931,0,3563023,233917891,1240150,0
16,109212616,10088627,2991621,2981421,2991621,4584571,1.4073E+14,205826,4584530,52686,0
17,33324621,8499009,1986503,4737753,1986503,11715604,9.41514E+13,200717,11716225,38117,0
18,44309471,9663486,2372220,5016062,2372220,9341405,1.4073E+14,280222,9341405,90114,0
19,44309471,9663486,3993617,3301835,3993617,12032492,0,381615,12032081,124048,0
20,61810470,703925,67633,3069304,67633,1706949,1.40722E+14,148174,1706949,26854,0
21,6208605,1967386,250423,25358535,250423,11456406,9.4638E+13,330674,11456406,105445,0
22,145462975,2180477,621639,265016292,621639,2934406,1.40722E+14,172205,2934368,32993,0
23,145462975,2180477,208082,3359461,208082,1128111,0,128007,1128111,15429,0
24,18270890,3103358,305881,2242974,305881,2363856,1.40726E+14,203517,2363815,29784,0
25,67193195,1070791,109847,956318,109847,1021047,9.46775E+13,100935,1021047,14056,0
26,22350289,1817112,228871,26947103,228871,5619593,1.40726E+14,211004,5619593,59247,0
27,22350289,1817112,98176,2002355,98176,7553784,0,186440,7553784,59377,0
28,3049885,1782052,194573,4768599,194573,18480366,1.40733E+14,434725,18471944,29519,0
29,41054680,2231534,243338,8475822,243338,7102823,9.40356E+13,334357,7102823,82312,0
30,28842089,1879127,207623,957806,207623,4810507,1.40733E+14,142867,4810468,36435,0
31,28842089,1879127,145777,11249905,145777,1331013,0,110688,1331013,19728,0
32,5933028,2303508,226827,4678932,226827,4945706,1.40727E+14,213160,4945665,47112,0
33,22589537,1653640,187162,22956011,187162,7094770,9.47065E+13,276300,7094770,86474,0
34,41400611,1244955,124666,1026179,124666,1373066,1.40727E+14,134079,1373066,21545,0
35,41400611,1244955,422014,5724386,422014,18548225,0,468325,18548225,38784,0
36,11664136,1146700,153551,3293708,153551,19807767,1.40734E+14,529176,19807767,53466,0
37,25114282,2422127,266055,3212602,266055,2237197,9.39589E+13,157532,2237197,33086,0
38,23338608,980595,108649,3466765,108649,6639072,1.40734E+14,261708,6639032,65629,0
39,23338608,980595,478271,5840890,478271,4983624,0,150896,4983624,43173,0
40,101449032,1912408,198784,6553060,198784,3653427,1.40722E+14,168507,3653427,36953,0
41,12497886,1684592,197402,2702732,197402,2811667,9.39749E+13,202948,2811667,33307,0
42,51987883,1767881,175507,21624826,175507,4742178,1.40722E+14,199153,4742178,40086,0
43,51987883,1767881,160720,3097708,160720,3723896,0,119582,3723856,41558,0
44,7199722,1635578,162158,2395924,162158,5750557,1.40728E+14,222139,5750517,64586,0
45,26587040,973470,102868,2441945,102868,4249227,9.40316E+13,195129,4249227,36211,0
46,32905660,1184124,168727,5660948,168727,2679510,1.40728E+14,176808,2679510,32288,0
47,32905660,1184124,327886,20597642,327886,4809996,0,189131,4809996,48412,0
48,42753666,1874941,180681,18303211,180681,6783656,1.4073E+14,334831,6785430,65695,0
49,28950425,2611654,280230,4573917,280230,776382,9.47426E+13,88500,777231,12573,0
50,17265347,1475602,164348,1776447,164348,5276741,1.4073E+14,120810,5276700,48511,0
51,17265347,1475602,143216,8318137,143216,2666239,0,141337,2666239,28482,0
52,31146944,909743,97462,3380810,97462,3280441,1.40725E+14,237431,3280401,40640,0
53,28930764,1769069,202270,6950694,202270,3166237,9.45255E+13,133122,3166237,29822,0
54,19720984,2948989,459617,6877840,459617,5731633,1.40725E+14,192496,5731633,61777,0
55,19720984,2948989,305524,1974865,305524,19151953,0,497389,19151953,35714,0
56,18420255,1870383,357874,5751819,357874,2824705,1.40731E+14,187342,2824705,29773,0
57,12650973,1174530,126542,3326279,126542,644984,9.45803E+13,65882,644941,9564,0
58,50284152,1975618,232716,4607691,232716,4267519,1.40731E+14,235719,4267519,65402,0
59,50284152,1975618,241523,1247608,241523,24686077,0,582048,24686077,76592,0
60,14332281,1672653,232611,2043304,232611,3955632,1.40735E+14,126040,3955953,39642,0
61,93590777,2018604,230811,3299389,230811,4160005,9.40809E+13,132765,4160005,31144,0
62,39524199,3396884,521108,5958107,521108,4755585,1.40735E+14,332270,4752116,65495,0
63,39524199,3396884,185667,4620697,185667,4720769,0,175080,4720729,46219,0
64,37033743,942222,115271,25029552,115271,5760745,1.40727E+14,176224,5760745,57209,0
65,11911323,3341924,352895,28488208,352895,3858994,9.40257E+13,248947,3858994,45828,0
66,9830694,1350598,158974,37761405,158974,2301876,1.40727E+14,142358,2301836,26829,0
67,9830694,1350598,123076,14292373,123076,2972796,0,110549,2972796,28062,0
68,12896371,1510598,1191274,7111968,1191274,57352591,1.40721E+14,2850152,57352591,801691,0
69,48321161,2454916,318848,4976186,318848,12334899,9.42352E+13,229952,12334899,58293,0
70,76231967,2573686,278657,9657404,278657,28561698,1.40721E+14,226395,28561698,42416,0
71,76231967,2573686,858227,47607586,858227,10439183,0,311518,10439143,94062,0
72,16654198,2310941,289930,3046495,289930,2463693,1.40735E+14,125770,2463652,25021,0
73,36323858,626965,86435,2425140,86435,5739904,9.42588E+13,260143,5739904,61511,0
74,7414221,2847808,321906,1170253,321906,1190718,1.40735E+14,134978,1190718,16875,0
75,7414221,2847808,199739,10014034,199739,22448943,0,507554,22448943,61706,0
76,31516801,4759563,565741,16365310,565741,20447324,1.40731E+14,503747,20447324,62177,0
77,19728096,4934723,542925,10594776,542925,8842473,9.48663E+13,214325,8842473,60096,0
78,20035022,2640043,323391,12208359,323391,3669537,1.40731E+14,167312,3669497,37719,0
79,20035022,2640043,1039874,34364666,1039874,6806693,0,260629,6806693,51740,0
80,49287158,1647763,319782,29034187,319782,3861317,1.40723E+14,142959,3861317,36796,0
81,25271175,3038237,321897,3382355,321897,2510992,9.40369E+13,175856,2510953,26859,0
82,73516338,3759515,580567,6252663,580567,3953079,1.40723E+14,213783,3953079,51773,0
83,73516338,3759515,126001,4537036,126001,22657645,0,569502,22657645,65104,0
84,33240321,3062270,425367,3486336,425367,3045120,1.40729E+14,177151,3045120,41348,0
85,18859004,1555943,170632,4989214,170632,4140360,9.48332E+13,199651,4140360,51776,0
86,8214519,1158680,149880,2884966,149880,5253366,1.40729E+14,164197,5253326,50064,0
87,8214519,1158680,214670,4157287,214670,4755624,0,183733,4755624,45852,0
88,16514822,1622380,172165,2907785,172165,2632340,1.40737E+14,172997,2632299,37066,0
89,36954421,1209383,131864,2237038,131864,5047143,9.47385E+13,210166,5047143,49008,0
90,43217926,2727773,299410,8329141,299410,3450947,1.40737E+14,159503,3450947,42676,0
91,43217926,2727773,136439,19770979,136439,4611870,0,127252,4611870,38172,0
92,8675925,2733705,265042,3341488,265042,2085520,1.40728E+14,141803,2086797,20367,0
93,28862889,1183042,134068,6317165,134068,28895901,9.39541E+13,975129,28897870,270483,0
94,87820865,1830717,213970,17854181,213970,5656251,1.40728E+14,159682,5656210,35878,0
95,87820865,1830717,91427,4996541,91427,4106534,0,218646,4106534,39434,0
96,50268409,1317724,159379,1812231,159379,829494,1.40735E+14,122427,829494,14124,0
97,6227478,2536966,273071,4273661,273071,2994475,9.41429E+13,242310,2994475,40786,0
98,18319284,1858298,204398,3607233,204398,2858615,1.40735E+14,149641,2858575,35260,0
99,18319284,1858298,116476,5825321,116476,23967822,0,491249,23967822,61639,0
100,28039328,2631748,429802,3655240,429802,4631042,1.40737E+14,209496,4631003,50906,0
101,16941447,1426901,164033,9822957,164033,23160670,9.48093E+13,528994,23160670,69273,0
102,41206392,2713551,258633,5823612,258633,1962144,1.40737E+14,140914,1962144,26758,0
103,41206392,2713551,148458,6897661,148458,1766436,0,108218,1766436,14658,0
104,8279440,2895015,447824,8105166,447824,6524393,1.4073E+14,181823,6514783,57871,0
105,12883429,1230321,146314,1005065,146314,4539269,9.40173E+13,236564,4539032,59996,0
106,19712608,2260824,250422,589342,250422,1343265,1.4073E+14,129114,1343227,21502,0
107,19712608,2260824,199243,5604536,199243,19944713,0,538545,19944713,42038,0
108,17673811,1130101,110573,4072885,110573,1794909,1.40729E+14,135597,1794909,27187,0
109,8754138,1210421,131683,5256036,131683,5073501,9.43143E+13,195864,5073501,57081,0
110,72891403,1263036,152832,2924085,152832,3489927,1.40729E+14,171068,3489887,46093,0
111,72891403,1263036,329266,19402748,329266,6896109,0,226043,6896109,65212,0
112,382435028,3939623,400682,19661579,400682,332124952,1.40732E+14,5646888,332125028,2424117,0
113,348428295,845322,97768,5754821,97768,262194441,9.44753E+13,5059650,262184495,2137625,0
114,392200283,806360,98177,2378591,98177,567909539,1.40732E+14,7772222,567909539,3246290,0
115,392200283,806360,180571,9711526,180571,520076739,0,6365441,520081911,2550302,0
116,9177268,1220652,128968,21224088,128968,6126874,1.40721E+14,199199,6126833,53160,0
117,15749269,1099280,110644,2570770,110644,4255687,9.42296E+13,237834,4255687,40588,0
118,43509344,2125184,205057,8489618,205057,4376775,1.40721E+14,286591,4376775,64409,0
119,43509344,2125184,305876,8055696,305876,4483375,0,146455,4483375,41308,0
120,41708858,1191772,128974,2275679,128974,3013627,1.4072E+14,147126,3013627,29424,0
121,29390338,2640541,292151,6360094,292151,3615760,9.41796E+13,220283,3615760,43814,0
122,86554192,2259188,228480,21820425,228480,4809678,1.4072E+14,237738,4809638,55840,0
123,86554192,2259188,192819,5359402,192819,4592091,0,150195,4592091,39633,0
124,29797168,1594881,174234,54229629,174234,11032912,1.40729E+14,313246,11032872,98747,0
125,15076604,3258584,335501,20226979,335501,2780140,9.44629E+13,180261,2780201,35885,0
126,29619583,820655,92144,10649540,92144,1452429,1.40729E+14,114234,1452429,17949,0
127,29619583,820655,177125,21061696,177125,828208,0,113513,828208,16580,0
128,51740152,1610868,175516,4033610,175516,2366524,1.40732E+14,135947,2366524,29181,0
129,12110667,2351077,226530,4422402,226530,5458510,9.47135E+13,282810,5458510,71270,0
130,21121450,1369678,142036,18670507,142036,4316482,1.40732E+14,135352,4316482,34590,0
131,21121450,1369678,219654,5388981,219654,5236354,0,269191,5236315,47767,0
132,77414333,1803583,193540,2346970,193540,4087327,1.40737E+14,208119,4087288,57143,0
133,38459880,1579292,160384,4493449,160384,4053885,9.38376E+13,127492,4053885,34052,0
134,50326825,1955301,214098,4503114,214098,4055589,1.40737E+14,263959,4056054,50613,0
135,50326825,1955301,205464,21215554,205464,6365390,0,238403,6365667,51438,0
136,94446710,1430340,147243,1058793,147243,4035901,1.4073E+14,103743,4035901,27802,0
137,38068717,3613683,368434,3735682,368434,6125349,9.48369E+13,299340,6125349,85214,0
138,9014680,1427468,154913,27518547,154913,4997911,1.4073E+14,239532,4997911,45745,0
139,9014680,1427468,115796,15883367,115796,2363686,0,126130,2363647,35265,0
140,21282618,2908238,302021,5000340,302021,2949530,1.40736E+14,160265,2949490,30392,0
141,65104875,1089392,108040,17407252,108040,5717704,9.45676E+13,226033,5717704,51593,0
142,85139477,1345658,159642,2185787,159642,6699062,1.40736E+14,281437,6699062,79752,0
143,85139477,1345658,214892,8218251,214892,1882989,0,160716,1882989,25500,0
144,30646876,1378479,188110,3487455,188110,5682658,1.40729E+14,123987,5682658,40334,0
145,31625275,1436816,176940,17644075,176940,7521796,9.3943E+13,289074,7521796,74116,0
146,91012277,2817675,340425,3178149,340425,1087903,1.40729E+14,153806,1087866,15170,0
147,91012277,2817675,217934,8088770,217934,2177770,0,202623,2177770,29816,0
148,25572377,2258418,267639,2772648,267639,2925739,1.40737E+14,147851,2925699,36996,0
149,49572643,2584629,333290,2541960,333290,1951866,9.40485E+13,168264,1951866,30039,0
150,69299676,2488507,290418,20223660,290418,4594572,1.40737E+14,218417,4594572,41894,0
151,69299676,2488507,265525,8940498,265525,6805891,0,196435,6805891,58935,0
152,7601851,1461395,136966,5746967,136966,20057123,1.40728E+14,893420,20057083,229051,0
153,49533742,1862035,201235,3897658,201235,3941152,9.41303E+13,152110,3941152,35062,0
154,20120402,1704636,199197,21266780,199197,7565225,1.40728E+14,253004,7561487,54660,0
155,20120402,1704636,209648,1217573,209648,4113856,0,140551,4113856,38002,0
156,17471410,1148040,115919,16319452,115919,3191353,1.40727E+14,167315,3191353,34084,0
157,48420567,3114219,298149,7841143,298149,5980201,9.48121E+13,184710,5980382,51883,0
158,90722195,1811023,206125,4867184,206125,5770772,1.40727E+14,266841,5770848,67017,0
159,90722195,1811023,158573,2978352,158573,733124,0,104244,733598,18310,0
160,12243604,2024434,206484,16288924,206484,2615552,1.40722E+14,150592,2615512,35420,0
161,31731839,1289497,142790,5581281,142790,5676218,9.38574E+13,184067,5676218,58328,0
162,120473240,1846607,206984,3522263,206984,3835689,1.40722E+14,249501,3835689,47206,0
163,120473240,1846607,216112,8902628,216112,4329628,0,151610,4329628,35339,0
164,71893457,1649686,165046,3506398,165046,1455610,1.40731E+14,81857,1455610,14473,0
165,24818356,956878,94292,17770498,94292,3619204,9.47424E+13,209358,3619204,38094,0
166,19563509,2265221,232235,3355314,232235,4830606,1.40731E+14,279562,4830566,54245,0
167,19563509,2265221,261071,7381265,261071,7028242,0,233058,7028242,75853,0
168,20957053,1737258,181617,19876496,181617,3374776,1.40722E+14,125521,3374776,32337,0
169,34704778,1524569,168737,2210153,168737,4210394,9.40785E+13,150530,4210394,44475,0
170,90597749,2561416,241674,9469901,241674,5147682,1.40722E+14,258980,5144222,50890,0
171,90597749,2561416,182115,489291,182115,3159001,0,204566,3158965,50430,0
172,38152925,1898093,192587,22973626,192587,4358032,1.40721E+14,152402,4358032,37379,0
173,177288583,964759,109783,2011183,109783,5438958,9.45748E+13,206848,5438915,60403,0
174,44334365,1170253,121563,7134882,121563,5918239,1.40721E+14,223328,5918239,53178,0
175,44334365,1170253,342763,10198593,342763,2958863,0,223391,2958863,43413,0
176,45012814,6173991,776212,7218781,776212,7485556,1.40737E+14,257685,7485556,69254,0
177,28004286,5989742,806525,46661504,806525,3650586,9.46759E+13,234425,3650586,49310,0
178,117283914,4149792,574485,27158957,574485,4324198,1.40737E+14,149477,4324198,37024,0
179,117283914,4149792,1245360,16567587,1245360,1326994,0,113058,1326954,17002,0
180,43831424,1030864,113255,2160605,113255,21301643,1.40736E+14,540696,21301643,59463,0
181,39283433,1668920,173378,5402584,173378,3633846,9.46012E+13,117463,3633846,34990,0
182,16078934,2271270,235473,3375109,235473,2464127,1.40736E+14,182367,2464087,29866,0
183,16078934,2271270,204924,4434723,204924,3603071,0,144211,3603071,33667,0
184,21719085,1282953,149873,8485942,149873,2229002,1.40736E+14,163203,2229002,26751,0
185,18526592,1900177,230792,21123684,230792,26346865,9.4416E+13,597372,26346823,89637,0
186,52815876,3645966,553433,14682106,553433,2268437,1.40736E+14,166776,2268437,25830,0
187,52815876,3645966,211617,45529159,211617,1105859,0,112505,1105859,12026,0
188,10975268,2311280,1435728,7261378,1435728,21463920,1.40737E+14,479083,21463920,72913,0
189,52255542,1743436,167645,4479280,167645,53157615,9.44332E+13,1688043,53157615,421550,0
190,27905686,1988270,220809,726450,220809,55477250,1.40737E+14,2220159,55477250,707308,0
191,27905686,1988270,217782,3221477,217782,15250557,0,348466,15250516,78477,0
192,6859980,2691676,279282,1951463,279282,2079567,1.40723E+14,185345,2079567,33776,0
193,91053778,2491687,267845,24470954,267845,5444831,9.4629E+13,183935,5444791,47644,0
194,33366997,1123926,129739,3391549,129739,3120652,1.40723E+14,139567,3120652,36322,0
195,33366997,1123926,49388,1922815,49388,4327295,0,156111,4327295,47793,0
196,85279018,1618280,215082,5018718,215082,4038684,1.40727E+14,166125,4038684,38936,0
197,25096991,1308506,162092,19916937,162092,4329471,9.42117E+13,171884,4329431,40957,0
198,33727529,1810844,206224,1176201,206224,3773688,1.40727E+14,201687,3773688,49599,0
199,33727529,1810844,274447,10556629,274447,4160096,0,198422,4160096,38776,0
200,10410995,2143423,209071,6302237,209071,2434137,1.40733E+14,156854,2434137,28249,0
201,24666247,1936161,221990,19566117,221990,6143206,9.48345E+13,154342,6143161,48174,0
202,58546881,733449,77944,1342767,77944,4332218,1.40733E+14,219003,4332949,66520,0
203,58546881,733449,209220,5032277,209220,3935911,0,243442,3935943,44714,0
204,22069802,2432505,386065,6208184,386065,4782569,1.40727E+14,159037,4782569,48794,0
205,19434628,972202,123164,2802057,123164,2338437,9.42454E+13,141367,2338398,26067,0
206,22014524,2656132,275030,1366748,275030,2486806,1.40727E+14,161609,2486806,37959,0
207,22014524,2656132,223313,4989036,223313,21459211,0,543708,21459211,54439,0
208,457145406,1849477,197125,4400535,197125,4337577,1.40736E+14,226599,4337577,46743,0
209,110032814,1761872,183082,2789484,183082,2068464,9.38863E+13,175154,2068464,29116,0
210,64906587,2803496,406346,13383837,406346,21953949,1.40736E+14,487759,21953949,52355,0
211,64906587,2803496,182905,5262783,182905,3859112,0,133552,3859073,38902,0
212,135003892,3065638,304281,4555201,304281,9310619,1.40731E+14,245019,9310619,71958,0
213,67158076,1211068,124711,3209930,124711,24402478,9.45112E+13,886705,24402438,281647,0
214,33326316,1064783,116059,3687458,116059,5611321,1.40731E+14,230195,5611321,52944,0
215,33326316,1064783,411425,3831258,411425,6701914,0,274934,6701914,61412,0
216,70557648,916528,106345,20549481,106345,2815240,1.40731E+14,135252,2815240,32782,0
217,16964743,3250656,310734,3214095,310734,7287535,9.45543E+13,175189,7287535,60188,0
218,41920039,1619190,171976,5636326,171976,3779899,1.40731E+14,266502,3779899,53424,0
219,41920039,1619190,147619,2477718,147619,2229598,0,133578,2229558,22567,0
220,1476450031,1589766,198472,199921890,198472,146594678,1.40736E+14,3375840,146594678,1092688,0
221,1770639326,1621545,175783,359149217,175783,135070972,9.45426E+13,3015927,135081016,1481049,0
222,1996234709,2400339,228994,245332574,228994,189178641,1.40736E+14,3029090,189156288,1402934,0
223,1996234709,2400339,137794,512502381,137794,154828759,0,2929689,154831199,1175935,0
224,7789631,7612373,1818739,369091,1818739,2452335,1.4072E+14,108018,2452335,30140,0
225,37289069,10651560,3139244,3023195,3139244,2552921,9.40071E+13,174711,2552921,31028,0
226,89637234,11096891,2873129,22642071,2873129,5695270,1.4072E+14,268336,5695270,73840,0
227,89637234,11096891,2763736,7041849,2763736,5524425,0,184388,5524385,49887,0
228,10948219,709322,84569,1911269,84569,2391216,1.40731E+14,179785,2391216,38499,0
229,15948007,1409088,131457,4831266,131457,4695846,9.38544E+13,100386,4695806,35245,0
230,15634410,2593325,293618,4444392,293618,1691205,1.40731E+14,147849,1691205,26962,0
231,15634410,2593325,204445,6194811,204445,22343100,0,560947,22343100,71701,0
232,15806153,2571752,409435,2241069,409435,2874924,1.40721E+14,228858,2874924,42660,0
233,22091020,1403314,136864,7704152,136864,5418576,9.3952E+13,146945,5418576,45198,0
234,38474100,1382345,146382,2997054,146382,1591070,1.40721E+14,89777,1591070,23936,0
235,38474100,1382345,288522,7481585,288522,21839282,0,539576,21839242,62784,0
236,10912105,1944127,201913,1224516,201913,3568370,1.40733E+14,145745,3568370,33525,0
237,27258982,1490632,164343,1274164,164343,2381005,9.48349E+13,180139,2380961,27523,0
238,8862164,2021865,207975,7586082,207975,3564696,1.40733E+14,191880,3564696,44190,0
239,8862164,2021865,392464,9776520,392464,23918621,0,598449,23918621,80553,0
240,5905345,1340522,134884,2248056,134884,5637092,1.40725E+14,302453,5637092,61943,0
241,110163610,1586517,190976,23330808,190976,5481408,9.43638E+13,187546,5481408,50049,0
242,31078943,3219466,330056,4137857,330056,2276946,1.40725E+14,137752,2276946,30637,0
243,31078943,3219466,87196,2123945,87196,2596415,0,89936,2596375,20696,0
244,112054356,1366668,134323,12299730,134323,6169896,1.40731E+14,186737,6169896,56275,0
245,4538496,3458167,372532,23904635,372532,1465758,9.39064E+13,101668,1465717,18273,0
246,21541299,826788,92740,61424110,92740,5395591,1.40731E+14,254015,5392205,66614,0
247,21541299,826788,114318,13481182,114318,4786656,0,193090,4786656,45235,0
248,11937975,892756,111130,1609301,111130,5689928,1.40726E+14,119601,5689928,40148,0
249,45753710,1220843,117231,2266780,117231,715726,9.39106E+13,98634,715726,19234,0
250,16791974,1551115,186629,7516922,186629,4042063,1.40726E+14,234725,4042063,57902,0
251,16791974,1551115,293322,19508176,293322,6061483,0,270816,6061443,58139,0
252,25858524,1111732,129451,3234644,129451,2603198,1.40726E+14,163854,2603198,34878,0
253,21143649,2276194,378226,1050337,378226,3641966,9.38648E+13,131114,3641925,35082,0
254,32066396,2983358,295811,5747858,295811,19559557,1.40726E+14,472281,19559557,37839,0
255,32066396,2983358,154322,6210340,154322,5109256,0,234130,5109256,45602,0
256,10924439,2438305,239351,870822,239351,2201442,1.40735E+14,177374,2201442,30595,0
257,36370731,890318,90178,1752179,90178,6603788,9.40695E+13,157356,6603788,56567,0
258,6305376,1446935,170623,5777804,170623,956142,1.40735E+14,100807,956103,18182,0
259,6305376,1446935,458595,9768134,458595,21849302,0,563858,21849302,53798,0
260,16474325,2115398,222104,5448304,222104,5918310,1.40724E+14,241780,5918271,63286,0
261,137417379,1274785,146435,3464591,146435,9236249,9.39729E+13,320232,9236249,84020,0
262,35246159,2898967,421481,4716053,421481,1740423,1.40724E+14,135428,1740423,22082,0
263,35246159,2898967,174665,2142635,174665,318786,0,56828,318786,8409,0
264,16521775,738560,86548,1748239,86548,6115324,1.40731E+14,211894,6115324,42469,0
265,12835283,2054108,257733,22477509,257733,1656351,9.39515E+13,137069,1656351,24780,0
266,102437140,3122089,322527,3517479,322527,7278863,1.40731E+14,260679,7278825,58569,0
267,102437140,3122089,138205,3858874,138205,2881638,0,159658,2881638,28163,0
268,34604765,1821034,210810,3165429,210810,3461622,1.40722E+14,255848,3461622,42016,0
269,7162310,3452588,596215,1808376,596215,751512,9.40763E+13,106617,751512,15535,0
270,33647514,1960934,260679,26420769,260679,11832618,1.40722E+14,166037,11832618,56237,0
271,33647514,1960934,299039,2653912,299039,4979707,0,204728,4979667,60238,0
272,24073269,1693162,192139,4479337,192139,20515481,1.40722E+14,526692,20515481,48095,0
273,12372802,2132984,204419,5111995,204419,8010065,9.46071E+13,431874,8010023,98000,0
274,41942574,1272854,120614,4437151,120614,16436873,1.40722E+14,531541,16436873,135563,0
275,41942574,1272854,199737,2053193,199737,6860659,0,214493,6860659,48947,0
276,27034417,1614127,179888,2460193,179888,4110896,1.40726E+14,215097,4112654,38597,0
277,12961168,1672511,164506,3698347,164506,3551444,9.39881E+13,204142,3552272,46028,0
278,47464579,2800512,437659,5842582,437659,26107149,1.40726E+14,576818,26107149,80761,0
279,47464579,2800512,187605,3702620,187605,1851022,0,93335,1850978,16958,0
280,36906332,1007485,107941,3594039,107941,387821,1.40723E+14,43877,387821,5124,0
281,20809104,3642493,494686,9964569,494686,6349966,9.39574E+13,239868,6349966,65899,0
282,27058597,2077292,202210,7119541,202210,22278869,1.40723E+14,531425,22278828,62619,0
283,27058597,2077292,164011,5214488,164011,2873031,0,182939,2873031,38697,0
284,16786369,2723761,361089,27134807,361089,10940982,1.40734E+14,337246,10940944,84518,0
285,21677567,2902223,377397,5192924,377397,4841691,9.41666E+13,270662,4841691,63387,0
286,33729425,7115590,816733,14147496,816733,20658970,1.40734E+14,706239,20658970,150356,0
287,33729425,7115590,453502,65145140,453502,14909950,0,480493,14909950,97929,0
288,7335526,1657027,185475,2189183,185475,3649685,1.40737E+14,178360,3649685,38714,0
289,22071298,1963653,197195,4204022,197195,2622819,9.42329E+13,185491,2622819,33352,0
290,16562093,1584985,173364,23740939,173364,3517065,1.40737E+14,203534,3517025,49544,0
291,16562093,1584985,156816,1623315,156816,5293970,0,143088,5293970,39474,0
292,91978277,1934954,195838,9441405,195838,5764119,1.40735E+14,283334,5764119,69718,0
293,10335288,993719,127580,3595312,127580,728918,9.49156E+13,90764,728878,11557,0
294,32017969,3053219,315370,14837974,315370,3203531,1.40735E+14,168842,3203531,45544,0
295,32017969,3053219,96446,24203799,96446,8550377,0,208361,8550377,71937,0
296,9679923,1722793,205308,5066386,205308,2728838,1.40721E+14,163662,2728838,29989,0
297,5458253,1963703,214973,3613244,214973,1460539,9.46037E+13,94926,1460497,17549,0
298,45011454,1017857,102424,3677565,102424,7249651,1.40721E+14,287330,7249651,90343,0
299,45011454,1017857,202976,19314135,202976,4890888,0,211702,4890888,47130,0
300,12899435,1815835,203951,1156154,203951,1685921,1.40722E+14,133022,1685921,18552,0
301,30330937,1906336,189368,8517611,189368,3744481,9.39911E+13,218349,3744481,51645,0
302,81367082,2574834,404047,5042859,404047,24302625,1.40722E+14,548883,24302625,72019,0
303,81367082,2574834,152876,671256,152876,1822353,0,122285,1822310,22938,0
304,14906029,1917276,199550,10647161,199550,4275271,1.40725E+14,220091,4275271,47331,0
305,21695276,1612077,167837,11329757,167837,6212863,9.43539E+13,198397,6212863,65238,0
306,21420881,3198436,472347,23993331,472347,3150876,1.40725E+14,145998,3150837,37092,0
307,21420881,3198436,150084,35448347,150084,18388545,0,434835,18388545,27419,0
308,40646206,1539701,200032,3304637,200032,5410150,1.40735E+14,178614,5410150,44075,0
309,12680311,1638508,165479,986440,165479,4815772,9.47648E+13,198539,4815733,31337,0
310,106643191,2627685,390640,5466084,390640,28381501,1.40735E+14,1451375,28394043,400350,0
311,106643191,2627685,1272555,6181839,1272555,19310203,0,901101,19310472,229759,0
312,4682401,2545986,269251,1510637,269251,735282,1.40723E+14,92280,735282,16355,0
313,6786436,1734221,183118,6227556,183118,2819617,9.46964E+13,133627,2819575,29713,0
314,37994311,802347,91325,1375404,91325,4323393,1.40723E+14,231915,4323393,48394,0
315,37994311,802347,244716,21853836,244716,7826137,0,238506,7826137,74108,0
316,23749410,1085392,148538,13537705,148538,5723626,1.40735E+14,158197,5724867,59041,0
317,10405402,1006568,114267,5125777,114267,3193869,9.39965E+13,161226,3193826,34954,0
318,11927119,1313639,164045,3406232,164045,1957512,1.40735E+14,205143,1957512,31998,0
319,11927119,1313639,394283,21067533,394283,4777447,0,183117,4777447,43987,0
320,321858592,964159,119993,1407219,119993,200668773,1.40731E+14,3939768,200663974,1623468,0
321,348950593,1053301,105371,3743729,105371,397000090,9.4839E+13,5324541,397000090,2234028,0
322,343118473,3434336,331559,3887145,331559,648301678,1.40731E+14,5554676,648301642,2531295,0
323,343118473,3434336,154171,22651806,154171,375628922,0,5986249,375651870,2927577,0
324,11887595,3257820,473904,4707342,473904,21181413,1.40737E+14,502912,21181413,52500,0
325,46326376,1663633,164056,4746287,164056,2855192,9.46778E+13,133959,2855192,38623,0
326,37404347,1421073,148988,1639980,148988,6407542,1.40737E+14,212749,6407503,62161,0
327,37404347,1421073,182579,3680028,182579,2501339,0,192999,2501339,34125,0
328,23719972,1823989,187491,7709312,187491,5497310,1.40727E+14,120663,5497310,37886,0
329,13413367,2056145,198885,5043941,198885,4261891,9.42709E+13,160075,4261847,35919,0
330,16377429,2699647,425970,5586145,425970,19223367,1.40727E+14,574742,19223367,47453,0
331,16377429,2699647,247588,5684104,247588,4618351,0,216966,4618351,54926,0
332,111900661,1175520,126476,6432893,126476,7292671,1.40731E+14,216720,7292671,48927,0
333,29025262,1072558,110341,4452845,110341,18302235,9.38923E+13,759493,18302235,189939,0
334,16516360,2679830,296270,3638071,296270,1866178,1.40731E+14,119158,1866178,15979,0
335,16516360,2679830,427296,6693482,427296,2677518,0,121998,2677479,26066,0
336,4218594,984105,135028,21502163,135028,592650,1.40727E+14,84305,592609,18734,0
337,25504133,1688448,164345,4764301,164345,7047248,9.41386E+13,160509,7047248,65309,0
338,18992808,1936561,218484,3298580,218484,3450710,1.40727E+14,252336,3450710,51405,0
339,18992808,1936561,215024,1478840,215024,4421775,0,155872,4421775,35959,0
340,25128292,1273562,130663,6934891,130663,4998755,1.40721E+14,126723,4998755,39665,0
341,10461252,2728779,262026,21979145,262026,6313865,9.43263E+13,228497,6313865,56917,0
342,11346562,1545569,167462,3265468,167462,2544083,1.40721E+14,200455,2544043,36000,0
343,11346562,1545569,164581,2616913,164581,1729471,0,144821,1729471,25741,0
344,30983835,1121783,125669,8594870,125669,6431813,1.40726E+14,171817,6431773,41177,0
345,32777284,1418873,140492,4073321,140492,5459279,9.46865E+13,227023,5459279,66290,0
346,22383976,1124149,109854,16465864,109854,7271834,1.40726E+14,319631,7271834,71446,0
347,22383976,1124149,350594,2376339,350594,476239,0,66633,476239,9252,0
348,17400172,2669651,434275,5255393,434275,20067008,1.40734E+14,502650,20067008,45013,0
349,25488852,3592004,356841,2785082,356841,4968443,9.40244E+13,151162,4968402,47394,0
350,41271376,536162,53613,3597966,53613,4354735,1.40734E+14,199398,4354735,46952,0
351,41271376,536162,120328,2896127,120328,2593154,0,179692,2593154,38986,0
352,23927871,1542470,167574,9926386,167574,21507971,1.40726E+14,595289,21511709,62588,0
353,41136842,2115708,225372,8934655,225372,1638210,9.46631E+13,112168,1638210,17615,0
354,15274168,1525066,149776,4633591,149776,1946741,1.40726E+14,137082,1943463,28973,0
355,15274168,1525066,408840,6055022,408840,9078352,0,228463,9078311,92382,0
356,15267161,2217706,361656,4651627,361656,521493,1.40725E+14,66868,521493,6111,0
357,18852150,2031358,219260,2871828,219260,7889376,9.4373E+13,326698,7889338,84482,0
358,78609952,2135761,221854,2804295,221854,4145387,1.40725E+14,190630,4147120,42051,0
359,78609952,2135761,166642,4936412,166642,2500583,0,139748,2500583,32253,0
360,11026778,764998,69657,3900623,69657,6508473,1.40723E+14,261822,6508473,63107,0
361,13230395,3003922,294556,2975847,294556,1674347,9.40219E+13,160773,1674305,22165,0
362,39136316,1148504,119251,1953739,119251,1870203,1.40723E+14,102990,1870203,17828,0
363,39136316,1148504,238456,23572344,238456,7082466,0,191189,7082466,65653,0
364,76476776,1422096,182872,38920096,182872,3916959,1.40732E+14,159467,3916929,46569,0
365,18120558,1104803,117250,9793005,117250,3918521,9.44716E+13,209345,3918521,42104,0
366,33869725,2367826,248717,18784345,248717,2238002,1.40732E+14,171134,2237964,27112,0
367,33869725,2367826,144648,30333896,144648,5675472,0,158244,5670353,47377,0
368,17974953,1089924,143812,19971343,143812,3948095,1.40723E+14,204485,3948095,48211,0
369,6948814,599565,77676,3158627,77676,397692,9.3971E+13,49853,397692,7465,0
370,35945356,3385892,320947,4346649,320947,4751909,1.40723E+14,192926,4751909,49156,0
371,35945356,3385892,177836,3882806,177836,6382977,0,268549,6382937,73686,0
372,22009324,1119156,116714,5702784,116714,17724224,1.40727E+14,423779,17724224,25637,0
373,11847597,2713067,413218,4360154,413218,5031927,9.45059E+13,265387,5031885,52628,0
374,37377435,2574264,247868,3839767,247868,2390743,1.40727E+14,159325,2390743,30340,0
375,37377435,2574264,179514,702677,179514,6659420,0,167181,6659420,61032,0
376,14337781,1624479,187721,3188608,187721,2789478,1.40725E+14,212120,2789438,39736,0
377,58301658,1684707,182611,7379224,182611,10032625,9.39681E+13,290872,10032625,120632,0
378,18564900,1791251,184874,2132589,184874,19655540,1.40725E+14,481432,19655540,50187,0
379,18564900,1791251,481998,7018649,481998,4811269,0,152480,4811269,41791,0
380,37655182,2249708,239918,7746073,239918,5384631,1.40731E+14,223056,5384631,64931,0
381,61791012,2306371,226167,5794577,226167,6917968,9.38346E+13,172138,6917968,58402,0
382,110528206,2276906,384606,5907086,384606,3921591,1.40731E+14,171383,3921591,36308,0
383,110528206,2276906,155724,3585345,155724,4172419,0,282674,4172378,56027,0
384,150275846,3858420,397336,9204690,397336,154300165,1.40732E+14,3302855,154301625,1554714,0
385,191589865,2550755,254475,11659212,254475,238925928,9.39122E+13,3599485,238925888,1533820,0
386,189230613,5682647,567138,47093420,567138,207647434,1.40732E+14,4002829,207651654,1498261,0
387,189230613,5682647,1020317,21189652,1020317,674927540,0,5610767,674944284,2446757,0
388,9200218,1656788,172763,7246330,172763,2503977,1.40735E+14,140795,2503939,26273,0
389,5387159,2177861,216301,23681704,216301,3058092,9.45413E+13,183335,3058092,34620,0
390,108287458,1758972,183608,6526082,183608,6045045,1.40735E+14,277464,6045045,68966,0
391,108287458,1758972,164275,5379726,164275,5043581,0,112937,5043581,39640,0
392,36465525,1590058,174248,22774866,174248,5097078,1.40729E+14,139428,5097078,38283,0
393,5276907,1180930,121432,684380,121432,1010021,9.40693E+13,114492,1010021,14509,0
394,87421952,1788950,193011,4898971,193011,18928579,1.40729E+14,735914,18928539,169555,0
395,87421952,1788950,281131,3339979,281131,4930326,0,212782,4930326,48065,0
396,26106808,1399254,166412,7194103,166412,7477361,1.40728E+14,221436,7477321,71218,0
397,22823052,1879799,182030,682323,182030,1723598,9.44633E+13,76927,1723598,18030,0
398,28185982,1622511,151718,3157924,151718,3615707,1.40728E+14,207846,3615707,41703,0
399,28185982,1622511,215361,19926245,215361,3077310,0,175333,3077310,34184,0
400,31943958,1156400,133421,1023486,133421,1364802,1.40729E+14,118944,1364802,17119,0
401,4286950,2892233,474394,1763811,474394,1574493,9.45542E+13,126261,1574493,17266,0
402,9967889,2011932,212102,6760729,212102,19895176,1.40729E+14,558388,19895136,50773,0
403,9967889,2011932,305861,7989656,305861,11111556,0,243384,11111556,92016,0
404,28455847,2684742,432452,4666369,432452,5881358,1.40737E+14,203972,5881318,62039,0
405,13804551,2950495,293829,5039403,293829,2229297,9.43092E+13,183585,2229297,36356,0
406,29569854,1053983,115826,5528370,115826,21054487,1.40737E+14,529499,21054487,49362,0
407,29569854,1053983,123690,1065302,123690,3375092,0,145735,3375092,36443,0
408,76986017,1933104,206905,3021121,206905,3573344,1.40729E+14,133322,3573344,30867,0
409,21700807,974240,120948,6104624,120948,3497401,9.42386E+13,157992,3497401,42223,0
410,28750995,2551118,261544,3015007,261544,4535741,1.40729E+14,206601,4535701,42362,0
411,28750995,2551118,405466,3561492,405466,4953258,0,214675,4953258,44452,0
412,5969077,1285907,125232,5518092,125232,4262966,1.40729E+14,199851,4262966,40597,0
413,20949029,1233786,122330,3591499,122330,2090825,9.45341E+13,152304,2090898,29488,0
414,2501076,1616396,207931,3900803,207931,5547473,1.40729E+14,154008,5547358,46990,0
415,2501076,1616396,248159,20217873,248159,6134752,0,230860,6136112,58610,0
416,22022485,731178,77792,7682292,77792,1491581,1.40722E+14,126320,1491581,22671,0
417,23780529,1715016,180251,2822801,180251,8165217,9.4636E+13,227936,8165217,66454,0
418,98496083,1547306,160375,1209663,160375,1900597,1.40722E+14,191633,1900597,30441,0
419,98496083,1547306,316996,20768330,316996,4429516,0,217962,4429476,51233,0
420,2642175,787143,81674,2519352,81674,2842262,1.40735E+14,115977,2842222,25623,0
421,40559195,2562744,258797,3317301,258797,4736174,9.39811E+13,234039,4736174,53251,0
422,23298416,1775353,211610,21184227,211610,7287633,1.40735E+14,237210,7287633,64835,0
423,23298416,1775353,200228,4560945,200228,902257,0,105461,902257,16362,0
424,16730434,1335531,153813,46850744,153813,4413871,1.40732E+14,183506,4412129,51660,0
425,19552684,2841306,307371,15959581,307371,17694614,9.45744E+13,437036,17694614,21231,0
426,6271083,1535970,201642,20357662,201642,8178868,1.40732E+14,261128,8182015,67152,0
427,6271083,1535970,488045,7341445,488045,3724491,0,188019,3724452,35473,0
428,108875474,2550903,425936,7202048,425936,23450893,1.40733E+14,548308,23450893,62165,0
429,41974089,3617948,359732,5919067,359732,10255350,9.4684E+13,250523,10255307,36222,0
430,42819961,893461,134167,1847552,134167,18853381,1.40733E+14,798548,18853381,218571,0
431,42819961,893461,1155124,366569,1155124,2728596,0,167448,2728596,36965,0
432,53202773,3999036,574710,1243343,574710,4037098,1.40737E+14,185389,4037098,42252,0
433,28118096,1977231,189331,6288306,189331,1682424,9.38869E+13,113370,1682424,22306,0
434,9467514,1114025,133378,3570322,133378,1263407,1.40737E+14,136740,1263483,19994,0
435,9467514,1114025,99897,3576475,99897,10055305,0,281788,10068871,77721,0
436,44111172,1499492,188761,5297268,188761,7406190,1.40733E+14,232504,7406190,72109,0
437,108849179,1532642,181065,1973697,181065,5674663,9.48968E+13,156850,5676062,47302,0
438,39558169,1280263,128193,5141641,128193,2630935,1.40733E+14,172331,2630896,31537,0
439,39558169,1280263,237601,20802112,237601,9551074,0,292213,9551074,55942,0
440,26389917,1301930,137612,1993082,137612,2915859,1.40724E+14,193367,2915859,43786,0
441,62646754,3622663,365742,2201879,365742,677483,9.42061E+13,94952,677445,16634,0
442,88888743,815667,93982,23513274,93982,9701741,1.40724E+14,237884,9701741,76475,0
443,88888743,815667,115814,3741505,115814,2719750,0,213625,2719750,40581,0
444,38798069,2186655,238838,27837686,238838,3130234,1.40727E+14,148393,3130234,30195,0
445,56674798,1497303,142846,3571293,142846,8295583,9.39725E+13,334170,8295583,88328,0
446,226813014,1007731,123789,3632381,123789,1866487,1.40727E+14,116734,1866487,16017,0
447,226813014,1007731,223783,1222945,223783,3355068,0,113302,3355030,28679,0
448,16192179,3988761,430445,103415867,430445,3570143,1.40736E+14,127934,3570103,42180,0
449,29717469,5322980,574242,12356229,574242,5585347,9.38574E+13,229657,5585347,54521,0
450,58577422,6087137,597920,123069987,597920,3950989,1.40736E+14,171324,3950989,37530,0
451,58577422,6087137,295422,23270870,295422,2808227,0,164327,2808737,31799,0
452,12278988,1375581,140408,5213734,140408,4769444,1.40721E+14,110666,4769444,29004,0
453,28899435,2031796,195491,4148093,195491,6219979,9.4463E+13,287871,6219979,57755,0
454,34970123,1950213,253526,6927201,253526,32942156,1.40721E+14,1072887,32942156,184858,0
455,34970123,1950213,209190,1546447,209190,2062005,0,73524,2061965,12670,0
456,124356235,2189570,358135,4097756,358135,5904092,1.40721E+14,155289,5904092,51123,0
457,159204900,2726352,286080,5192540,286080,5079022,9.41911E+13,239636,5078983,59076,0
458,148200943,2164488,240049,2609790,240049,1082030,1.40721E+14,117524,1082030,16074,0
459,148200943,2164488,108840,2839682,108840,18152711,0,487569,18152711,38465,0
460,630855752,3571399,582764,19661175,582764,390925724,1.40724E+14,7804779,390925684,1867833,0
461,822696111,3441486,562396,19894301,562396,426376794,9.47078E+13,9777904,426376794,4182437,0
462,870487450,4126805,841675,28142916,841675,792562536,1.40724E+14,9583780,792562536,2486649,0
463,870487450,4126805,729999,16845248,729999,423119368,0,4217540,423119368,1298623,0
464,20295089,2149927,276960,1689987,276960,6338555,1.40725E+14,297897,6338555,60686,0
465,21873575,2840208,438326,5883115,438326,5927677,9.38645E+13,170259,5927636,49065,0
466,9938597,2084427,232973,9279046,232973,4107454,1.40725E+14,192259,4107454,52720,0
467,9938597,2084427,318194,891219,318194,18596745,0,461154,18596745,30545,0
468,32800985,900700,106686,673285,106686,2753899,1.40722E+14,110250,2753899,25437,0
469,89214341,3440576,452162,6924314,452162,7719525,9.4E+13,303086,7719525,76386,0
470,9790307,1536593,191865,1657376,191865,2806942,1.40722E+14,206785,2806942,37824,0
471,9790307,1536593,261129,6924277,261129,3191638,0,64336,3191599,23889,0
472,20404489,1913619,204958,23160071,204958,2494851,1.40734E+14,123555,2492251,28372,0
473,40017444,2277621,307402,3843060,307402,4754560,9.39973E+13,166543,4754560,42116,0
474,18482746,1730866,196199,6522356,196199,8085850,1.40734E+14,330489,8087234,87121,0
475,18482746,1730866,198145,4601475,198145,3085637,0,117893,3085598,24410,0
476,25669955,1430065,140179,2858962,140179,2839695,1.40734E+14,210521,2839695,47541,0
477,97577397,2505524,263741,1446259,263741,3770060,9.48371E+13,231872,3770016,40584,0
478,12364502,1145996,124042,631859,124042,4800922,1.40734E+14,144158,4800922,44926,0
479,12364502,1145996,187976,26991014,187976,4746549,0,164694,4746549,45840,0
480,32589385,2250230,237229,2866114,237229,8883335,1.40726E+14,227796,8883335,73410,0
481,18808854,1838658,201611,2371825,201611,493507,9.41688E+13,61836,493507,6362,0
482,30999458,1143906,115031,5790988,115031,23270603,1.40726E+14,685306,23270603,72255,0
483,30999458,1143906,162444,4547959,162444,748609,0,114943,748570,10479,0
484,29406067,1825067,197782,7991881,197782,498744,1.40733E+14,71209,498703,12455,0
485,28432326,1785321,180037,26897253,180037,3349369,9.41988E+13,227562,3349369,40037,0
486,10326886,1862714,194476,19101841,194476,8546933,1.40733E+14,213155,8546933,71941,0
487,10326886,1862714,390961,25872302,390961,21623975,0,532561,21623975,61919,0
488,31445232,2599182,399436,7220063,399436,9665615,1.40727E+14,279746,9665615,80893,0
489,26630125,1700027,189632,3436141,189632,3535446,9.47139E+13,261098,3535446,49134,0
490,10098298,1321339,146030,5376757,146030,17849890,1.40727E+14,441185,17849890,20505,0
491,10098298,1321339,212591,584583,212591,1637683,0,114625,1637642,21805,0
492,14645314,2053696,243337,2382596,243337,5865812,1.40732E+14,213691,5865812,68746,0
493,111920496,1468017,154506,20071525,154506,7527723,9.49078E+13,198568,7527683,56934,0
494,4155599,1532240,147142,2791126,147142,1765241,1.40732E+14,175769,1765241,25138,0
495,4155599,1532240,152802,6431334,152802,1197544,0,137556,1197544,16845,0
496,7178983,2598398,272936,5500260,272936,4754802,1.40732E+14,169637,4754762,46394,0
497,98755673,1627804,226678,8889893,226678,8098911,9.41859E+13,250405,8098911,67666,0
498,13921849,1703100,185671,21369246,185671,5513643,1.40732E+14,197998,5513643,36333,0
499,13921849,1703100,155288,6642786,155288,1842770,0,146946,1842770,23984,0
500,28984193,2845921,309799,2240899,309799,606410,1.40732E+14,60241,606410,11535,0
501,24904338,1528365,146405,5255410,146405,1750745,9.39016E+13,130844,1750745,24723,0
502,32410556,1294978,139658,21478325,139658,10209064,1.40732E+14,330862,10209064,88528,0
503,32410556,1294978,145113,4320286,145113,3776267,0,237889,3776228,58724,0
504,30257405,1863058,190044,7342872,190044,25428239,1.40736E+14,584916,25428239,73493,0
505,30699339,1271016,164356,691787,164356,2109405,9.48669E+13,164197,2109405,29341,0
506,5193292,1204552,119028,3493056,119028,4254658,1.40736E+14,202461,4254658,50715,0
507,5193292,1204552,275416,4298590,275416,679896,0,101048,679857,13857,0
508,39016331,3436140,490431,9270542,490431,19129106,1.40737E+14,485669,19129106,37624,0
509,7125788,2610867,259717,3821468,259717,1522240,9.48913E+13,115980,1522199,24307,0
510,9107226,676026,74716,2033183,74716,2673487,1.40737E+14,125568,2673487,23488,0
511,9107226,676026,141564,1696585,141564,10588765,0,308222,10588765,94426,0
512,53445331,1522418,168837,3652719,168837,34112457,1.40736E+14,975716,34112416,176287,0
513,15849318,717116,78977,2304371,78977,5930881,9.39357E+13,217775,5930881,42570,0
514,15377338,4262721,566052,5162939,566052,1447691,1.40736E+14,117634,1447691,14015,0
515,15377338,4262721,138977,4728131,138977,5790920,0,213295,5790920,51508,0
516,13351991,1034518,134749,2235211,134749,5061544,1.40727E+14,183700,5061544,49367,0
517,9477158,2328809,230862,2400072,230862,6182543,9.39657E+13,194442,6182504,57752,0
518,115884835,1833779,201630,22210610,201630,3888625,1.40727E+14,218126,3890008,50410,0
519,115884835,1833779,139396,4826446,139396,4584389,0,195593,4585230,40779,0
520,29323152,2390382,274633,2697280,274633,3740680,1.40737E+14,266190,3740680,50550,0
521,14296584,1763966,181402,22714146,181402,4534568,9.48396E+13,224555,4534568,45283,0
522,81796942,1758548,215732,7992162,215732,8006461,1.40737E+14,140324,8006421,55395,0
523,81796942,1758548,141492,3629402,141492,2635638,0,109139,2635638,34488,0
524,4739524,5225051,603075,21099471,603075,7111613,1.40729E+14,198188,7111574,75374,0
525,26125825,11964439,1331720,29186217,1331720,13691133,9.41512E+13,687897,13691133,118139,0
526,100758279,4511656,497474,18344487,497474,210213416,1.40729E+14,4679520,210213416,732302,0
527,100758279,4511656,455225,6449023,455225,8616125,0,152122,8616125,48380,0
528,73762032,7196358,873695,42166480,873695,10263130,1.40721E+14,359410,10263130,90541,0
529,24361866,2387679,647646,7670180,647646,7621620,9.44209E+13,362472,7625311,92050,0
530,119768729,3303282,546116,26324787,546116,19254471,1.40721E+14,670880,19254471,200930,0
531,119768729,3303282,716582,9905486,716582,26280443,0,807653,26280403,243422,0
532,617909173,4366574,945349,206363955,945349,246613664,1.40726E+14,4382681,246613624,2086237,0
533,1694267422,5619742,1292026,131809224,1292026,366393970,9.46653E+13,6037768,366398262,3106202,0
534,586906385,13835999,6396615,149674108,6396615,255425265,1.40726E+14,4714690,255425265,2237379,0
535,586906385,13835999,6267411,241677014,6267411,964393505,0,7521785,964393505,3428503,0
536,8793636,5995626,1762383,2381639,1762383,2367355,1.40729E+14,85435,2367355,29953,0
537,28098186,6469044,1764986,23656858,1764986,6830000,9.44007E+13,175326,6830000,52550,0
538,32639177,9674299,2435385,1937321,2435385,7562795,1.40729E+14,401453,7562795,93471,0
539,32639177,9674299,2492326,4285731,2492326,1249173,0,100124,1249135,14232,0
540,30917349,1800315,172412,2255768,172412,4004493,1.40736E+14,137852,4004675,34940,0
541,64707160,1357220,135951,714320,135951,2767079,9.42537E+13,165798,2766964,30748,0
542,17610236,3580192,526372,9410972,526372,5301831,1.40736E+14,181919,5300878,59568,0
543,17610236,3580192,156690,4628773,156690,20096617,0,497924,20096617,38688,0
544,18641408,1764545,217507,27097926,217507,6002216,1.40733E+14,121778,6002216,44246,0
545,17906792,2680397,279972,10171807,279972,3185343,9.39436E+13,171659,3185343,40075,0
546,10851906,2850918,431418,27025890,431418,7382021,1.40733E+14,278277,7381980,71991,0
547,10851906,2850918,107392,17436619,107392,19964934,0,557686,19964934,43920,0
548,37407660,2001633,1230463,4962204,1230463,3876348,1.40721E+14,188227,3876348,37862,0
549,81805875,994367,123531,1608834,123531,3263335,9.39927E+13,93223,3263335,31147,0
550,64762393,2484585,255396,4512892,255396,3951477,1.40721E+14,239588,3951477,60960,0
551,64762393,2484585,414216,4485156,414216,4734249,0,212300,4734209,44800,0
552,12090543,1185867,145145,19056377,145145,6292207,1.40735E+14,212757,6292207,53313,0
553,16477663,2107715,214326,4538696,214326,3373700,9.39982E+13,142145,3373661,30194,0
554,96187461,1353637,190692,5121669,190692,3147180,1.40735E+14,184948,3144457,40238,0
555,96187461,1353637,246610,4930586,246610,2500608,0,148279,2500608,29024,0
556,31652844,2093811,216553,2118024,216553,4284494,1.40724E+14,228115,4284494,54841,0
557,8745327,1720777,165168,5045984,165168,4511014,9.42213E+13,139822,4511014,36787,0
558,28047514,1051524,141818,5145092,141818,5442954,1.40724E+14,184644,5442914,50500,0
559,28047514,1051524,177561,20571255,177561,3081618,0,152921,3081618,28923,0
560,44849067,736598,89736,3695765,89736,4670716,1.40733E+14,207582,4670675,48695,0
561,16597698,1025589,95776,1565651,95776,4344267,9.38489E+13,129841,4344267,38671,0
562,17635195,3202717,320170,5303668,320170,6437892,1.40733E+14,224602,6437892,61172,0
563,17635195,3202717,198230,4806677,198230,20589893,0,563828,20589893,42814,0
564,6832734,2519726,412371,6427681,412371,3604856,1.4072E+14,147362,3604856,33703,0
565,31547993,1291790,133967,3225227,133967,4437727,9.39932E+13,162660,4437686,51182,0
566,23112595,1211779,125384,2452360,125384,19084270,1.4072E+14,491385,19084270,35373,0
567,23112595,1211779,282268,2854090,282268,4765041,0,215884,4765041,44039,0
568,31976299,2170908,244810,3761440,244810,2207074,1.40728E+14,148476,2207074,25450,0
569,30535398,1721051,187254,9390786,187254,5930279,9.4212E+13,155867,5930279,45593,0
570,19048089,2164412,383795,7631051,383795,18815222,1.40728E+14,480457,18815222,43609,0
571,19048089,2164412,220535,6117338,220535,6998138,0,242617,6998097,63814,0
572,93084652,1375781,153078,4113980,153078,5166883,1.40727E+14,215957,5168638,51619,0
573,13748563,1278773,127515,22269880,127515,4896674,9.47182E+13,141865,4896674,43369,0
574,29418342,2238566,245215,4466423,245215,14631111,1.40727E+14,553677,14631069,134558,0
575,29418342,2238566,166103,1459846,166103,3220088,0,168783,3220402,29556,0
576,98275245,1471348,159312,2989901,159312,4907362,1.40724E+14,175220,4907321,56359,0
577,25481760,1074959,123229,5349563,123229,2871325,9.40143E+13,181329,2871325,41315,0
578,20714685,1935643,212361,22029353,212361,2898726,1.40724E+14,104051,2898726,25885,0
579,20714685,1935643,205635,1959105,205635,4721306,0,190126,4721306,47474,0
580,16065485,1282903,136776,4991891,136776,5469455,1.40731E+14,152357,5469455,56352,0
581,37467492,2697883,256043,20524276,256043,4718481,9.46607E+13,176255,4718439,47935,0
582,18436814,794977,100477,483265,100477,4261214,1.40731E+14,180684,4261214,37662,0
583,18436814,794977,244116,7562086,244116,3110686,0,197038,3110686,34918,0
584,10106230,1651063,195862,1439613,195862,2881305,1.40733E+14,179580,2881305,31240,0
585,17458987,3772846,546113,4825763,546113,3360902,9.43093E+13,163064,3360902,36160,0
586,16270431,604588,81962,2960286,81962,21149773,1.40733E+14,535700,21149734,61755,0
587,16270431,604588,327990,6081858,327990,4800290,0,133514,4800290,42259,0
588,8842403,1188976,125502,1282100,125502,4930596,1.40734E+14,189318,4930555,42266,0
589,4107423,2389038,241183,5029108,241183,3586725,9.47893E+13,160425,3586725,38089,0
590,18707631,2026314,255351,8073655,255351,23475248,1.40734E+14,561499,23475248,62160,0
591,18707631,2026314,348082,5067155,348082,854457,0,115932,854457,17830,0
592,7633015,1383800,147060,5583570,147060,720181,1.40722E+14,105049,720142,14158,0
593,24734708,1154550,135468,4396492,135468,7868855,9.39424E+13,154159,7868855,59891,0
594,27512073,1938991,206815,2214950,206815,2342589,1.40722E+14,148985,2342589,32232,0
595,27512073,1938991,539254,6733308,539254,6564182,0,303020,6564182,59441,0
596,13657147,5232123,598825,38603329,598825,212866423,1.40725E+14,4623559,212866423,720336,0
597,108708213,1507176,202026,11407165,202026,12879025,9.47984E+13,599461,12879025,84366,0
598,19051876,2701335,299753,25089857,299753,7442945,1.40725E+14,305120,7442906,57493,0
599,19051876,2701335,757936,35054028,757936,23116470,0,780464,23116470,161795,0
600,38354179,733018,75243,2129437,75243,3410452,1.40724E+14,83583,3410452,24248,0
601,14921280,1555320,191443,2607762,191443,6351643,9.464E+13,316246,6351643,69935,0
602,11000787,3503019,348923,2525799,348923,1109659,1.40724E+14,117637,1109619,11614,0
603,11000787,3503019,125742,22421016,125742,4186675,0,185994,4186675,45059,0
604,39143890,959945,110003,8443394,110003,5031800,1.40737E+14,132126,5031762,44462,0
605,67605245,1492004,183233,23741089,183233,1670172,9.48612E+13,108161,1670172,19588,0
606,4123005,3326161,370084,23151200,370084,4708007,1.40737E+14,230378,4708007,52276,0
607,4123005,3326161,123270,35888206,123270,4969008,0,242240,4969008,58231,0
608,37893708,2487983,255112,3314906,255112,3403815,1.40729E+14,203743,3403815,47743,0
609,6719365,1553481,165752,5470434,165752,21518327,9.48269E+13,469570,21518327,47487,0
610,33962873,1149844,132092,3698933,132092,2730529,1.40729E+14,149873,2730489,28140,0
611,33962873,1149844,153832,1693515,153832,2140383,0,186523,2140383,25868,0
612,4020691,1595109,155179,1970263,155179,2278706,1.40722E+14,143316,2278706,27463,0
613,13235986,1280309,131084,4441842,131084,3385274,9.40459E+13,192116,3385274,46729,0
614,44765348,2002605,222081,4772167,222081,3263628,1.40722E+14,102319,3263628,32940,0
615,44765348,2002605,437871,3440351,437871,21139293,0,539639,21139253,57162,0
616,27499573,2001580,207275,3818517,207275,5461806,1.40729E+14,221876,5461806,53872,0
617,22255918,2036473,204659,3216361,204659,4398896,9.40646E+13,124477,4401375,30308,0
618,2334742,1579125,177910,4069767,177910,1746084,1.40729E+14,135528,1746043,24390,0
619,2334742,1579125,459760,6400305,459760,20881283,0,546641,20881470,61162,0
620,40350467,2008114,227311,7523124,227311,4885860,1.40722E+14,109180,4885820,42158,0
621,79082616,1659786,182537,1950986,182537,5029515,9.4693E+13,210672,5029515,58269,0
622,74073598,2187627,249933,3143940,249933,2891314,1.40722E+14,219036,2891314,34572,0
623,74073598,2187627,199012,19624185,199012,1587029,0,143515,1587029,20016,0
624,32371965,2607770,266050,6784078,266050,1821991,1.40734E+14,96014,1821991,19225,0
625,17909151,2175923,229115,6960209,229115,6525323,9.44188E+13,192626,6525323,57509,0
626,19351827,837973,108353,1442377093,108353,3966292,1.40734E+14,229941,3966252,53588,0
627,19351827,837973,129887,23548246,129887,2921675,0,186719,2921675,32775,0
628,25619446,2697460,278739,3252028,278739,3785158,1.40728E+14,222152,3785118,47810,0
629,10525124,818566,96131,2478557,96131,3073913,9.48021E+13,188463,3073913,43298,0
630,23321127,1853937,189688,5196108,189688,4835280,1.40728E+14,163086,4835418,39434,0
631,23321127,1853937,197481,20371143,197481,4768362,0,144564,4769503,42642,0
632,8048332,1380966,149944,4973995,149944,4118343,1.40735E+14,126120,4118343,31626,0
633,34742721,1544481,158268,2060150,158268,15585054,9.46106E+13,596860,15585054,146760,0
634,14839057,2470879,393406,5498217,393406,18847328,1.40735E+14,488124,18847288,32417,0
635,14839057,2470879,261081,1104542,261081,2827929,0,191225,2827929,31590,0
636,30380227,1140653,133945,3393496,133945,5700885,1.40737E+14,250534,5700885,60136,0
637,12087527,2449029,404288,4462997,404288,562980,9.43077E+13,90936,562980,11953,0
638,27306916,2996568,297016,4087354,297016,23059687,1.40737E+14,551901,23059687,65539,0
639,27306916,2996568,143344,2536758,143344,936589,0,122150,936549,22601,0
640,25629161,1537318,184017,6672521,184017,804766,1.40736E+14,104867,804677,16788,0
641,10669894,1366281,156721,2102661,156721,2544666,9.46733E+13,179402,2542348,31918,0
642,11044224,2029079,242786,3365218,242786,3832565,1.40736E+14,152886,3834617,36253,0
643,11044224,2029079,494034,5563172,494034,9366886,0,279169,9366886,79495,0
644,15490914,1068987,113595,1443676,113595,4578970,1.40734E+14,97017,4578970,34972,0
645,85888289,1809635,176207,3336223,176207,1643189,9.40441E+13,165200,1643189,27894,0
646,8282584,2024303,220331,3679410,220331,4511895,1.40734E+14,239850,4511895,57436,0
647,8282584,2024303,187486,21175270,187486,3384524,0,141644,3384484,32015,0
648,126977092,1186932,135050,8430811,135050,9660152,1.40729E+14,282795,9660113,68727,0
649,56250982,1199612,113812,2468581,113812,6177721,9.41855E+13,308521,6177721,77006,0
650,240119667,1233496,120046,1373667,120046,4286290,1.40729E+14,215024,4286290,38869,0
651,240119667,1233496,326675,18676161,326675,6049449,0,229041,6049449,60913,0
652,27435909,10075418,5537000,55361224,5537000,3877965,1.40726E+14,167348,3877836,46185,0
653,17143029,8849763,6600427,85325175,6600427,6151360,9.43701E+13,160816,6153006,51198,0
654,81078267,18004098,7698969,146848578,7698969,5361824,1.40726E+14,233766,5361785,46118,0
655,81078267,18004098,9751566,99314723,9751566,2469785,0,136216,2466599,26380,0
656,10978660,1471320,157791,2108087,157791,52771295,1.40734E+14,167450,52771253,133134,0
657,16484926,1607508,197634,1645392,197634,3143121,9.41302E+13,193153,3143121,44976,0
658,30506104,1535793,223920,4293726,223920,20498625,1.40734E+14,509684,20498625,49303,0
659,30506104,1535793,273793,6839779,273793,8500266,0,241412,8500266,72154,0
660,35920286,1905628,201214,2814931,201214,22973844,1.40723E+14,597919,22973844,61554,0
661,11927911,2725221,411298,4868705,411298,4169011,9.47669E+13,145435,4169011,37157,0
662,13671225,1535405,150410,3669194,150410,2103294,1.40723E+14,176034,2103254,32760,0
663,13671225,1535405,196952,4598947,196952,3007887,0,111573,3007887,22797,0
664,9314722,2431755,240552,11449664,240552,4190252,1.40734E+14,171818,4190212,35115,0
665,23025378,1304467,161517,36638704,161517,3091648,9.43458E+13,193416,3091648,34561,0
666,37495305,1387077,154280,25353204,154280,19826166,1.40734E+14,495594,19826166,34061,0
667,37495305,1387077,499343,10354205,499343,9340169,0,243360,9340169,74892,0
668,142633133,2744413,401720,5748056,401720,4382035,1.4073E+14,164144,4382035,47038,0
669,65423793,1785643,200148,5828153,200148,5407088,9.4308E+13,265818,5407088,59673,0
670,182305508,2273011,269423,2230839,269423,4694553,1.4073E+14,101545,4694513,36756,0
671,182305508,2273011,1175720,970625,1175720,1007199,0,115342,1007199,21682,0
672,14973173,1048182,111487,2432212,111487,2524627,1.40721E+14,200220,2524588,34007,0
673,6562866,1032731,117905,2255083,117905,884282,9.41943E+13,125748,884282,18013,0
674,14940733,3855080,404853,23039016,404853,4029535,1.40721E+14,152469,4029535,44162,0
675,14940733,3855080,66394,4759969,66394,8067015,0,202284,8067015,62552,0
676,26533033,988910,119564,20514361,119564,8283619,1.40727E+14,186666,8283619,60499,0
677,28975646,704012,91329,896704,91329,2197553,9.44173E+13,158741,2197553,28871,0
678,99501701,2198700,239929,3903016,239929,2900556,1.40727E+14,187211,2900556,34830,0
679,99501701,2198700,319426,7293564,319426,3764671,0,178097,3764631,42429,0
680,34472375,1642273,163882,2668278,163882,5210459,1.40736E+14,242308,5210459,59507,0
681,22440372,1513995,151903,857063,151903,1906739,9.40777E+13,160888,1906699,27592,0
682,87995155,2277720,268621,6877323,268621,3486877,1.40736E+14,151463,3486877,37800,0
683,87995155,2277720,131551,4372319,131551,21695235,0,454617,21695235,41515,0
684,5127790,1587761,158190,1883090,158190,4025570,1.40726E+14,140878,4025570,36274,0
685,21729001,1637710,166947,5313384,166947,3005029,9.43184E+13,137158,3005206,33650,0
686,30894875,3135600,458488,894464,458488,411242,1.40726E+14,63567,412563,8220,0
687,30894875,3135600,164253,7787632,164253,24982207,0,675099,24982167,88400,0
688,52622717,2399731,293051,4345249,293051,3178285,1.40736E+14,134506,3178285,33853,0
689,12374599,1697088,175472,3053220,175472,1758346,9.44233E+13,119952,1758346,26791,0
690,5021651,1994244,222169,6896033,222169,19994109,1.40736E+14,457187,19994109,37925,0
691,5021651,1994244,388595,4461117,388595,8816593,0,289302,8816555,75098,0
692,28607115,1903147,195397,1701853,195397,817150,1.40735E+14,97072,817109,14936,0
693,7179257,1202754,154349,25531349,154349,7742958,9.40779E+13,202814,7742958,63304,0
694,110662209,825803,83789,1022223,83789,15454035,1.40735E+14,536093,15454035,147916,0
695,110662209,825803,250967,3378038,250967,2939088,0,180709,2939088,34032,0
696,29011715,1130416,110363,2069474,110363,3003955,1.40726E+14,156384,3003955,38954,0
697,89825042,1706490,173223,5795057,173223,3286814,9.45864E+13,184339,3286814,36086,0
698,36831250,2029884,214097,3083913,214097,3692466,1.40726E+14,126705,3692425,34077,0
699,36831250,2029884,200269,25512880,200269,5552597,0,203240,5552597,49118,0
700,2286464,1442365,147424,3693778,147424,1066977,1.40724E+14,116238,1066938,20505,0
701,32672138,1678726,163890,3699575,163890,8273214,9.42245E+13,206159,8273214,69716,0
702,18979527,2033100,223808,4715121,223808,1653667,1.40724E+14,109964,1653667,27302,0
703,18979527,2033100,182878,20156833,182878,5702965,0,231731,5702965,53891,0
704,13115528,3270290,326940,2319320,326940,269073538,1.40728E+14,4079388,269073538,1828777,0
705,2477775,667523,86970,1431638,86970,509595948,9.45629E+13,5896625,509595907,2947116,0
706,39979235,1635810,178939,6147543,178939,828535539,1.40728E+14,6965306,828535539,2363810,0
707,39979235,1635810,434117,5160838,434117,167353287,0,3406362,167353287,1362794,0
708,21427428,2766657,350729,6397897,350729,6980269,1.40736E+14,212919,6980231,66124,0
709,47916524,1262353,165398,1227582,165398,2457909,9.4616E+13,111431,2457909,23918,0
710,15995386,1747343,188178,5244782,188178,26439179,1.40736E+14,596724,26439179,72362,0
711,15995386,1747343,235944,2937353,235944,2054173,0,181292,2054173,30201,0
712,8021436,4004493,584343,8280469,584343,6807610,1.40722E+14,231147,6807610,69217,0
713,49354507,1884047,221268,2763054,221268,5251090,9.39793E+13,195546,5251090,44536,0
714,10398304,1860659,200551,3633522,200551,18739648,1.40722E+14,550939,18739608,38478,0
715,10398304,1860659,101194,3164601,101194,6399307,0,171258,6399307,51108,0
716,8237951,368347,51441,3946451,51441,1504052,1.40721E+14,123535,1504013,24384,0
717,20744248,3603512,350564,4360169,350564,5957398,9.47837E+13,189461,5957398,59222,0
718,96421343,1190359,123687,4900827,123687,6824141,1.40721E+14,233064,6824141,64618,0
719,96421343,1190359,190019,18467042,190019,1145790,0,112491,1145790,14756,0
720,30568638,2049754,220273,5327585,220273,3548688,1.40722E+14,140974,3548688,28079,0
721,13587670,683010,66732,1421729,66732,2018365,9.46044E+13,158168,2018365,24936,0
722,44556487,2617046,269450,6525333,269450,5717370,1.40722E+14,214317,5717370,61188,0
723,44556487,2617046,162989,19227714,162989,5011925,0,200491,5011885,42785,0
724,15437169,1530398,167098,22947837,167098,5816682,1.40722E+14,169200,5816682,52416,0
725,26118065,2286496,235917,15915558,235917,4262662,9.3901E+13,170743,4262662,33830,0
726,29569227,1463897,162120,45363857,162120,8096745,1.40722E+14,253573,8096706,69980,0
727,29569227,1463897,162598,10021856,162598,5454220,0,223332,5454220,60698,0
728,4599009,1667778,191512,9547004,191512,3102104,1.4073E+14,178127,3103841,34524,0
729,14944881,3655282,477073,6633778,477073,5622884,9.44484E+13,192884,5622884,54722,0
730,9111594,1436562,154245,5392735,154245,792902,1.4073E+14,77668,792861,13938,0
731,9111594,1436562,132853,5856565,132853,22845217,0,554497,22845779,55841,0
732,27867964,1857229,202931,5246375,202931,24653867,1.40736E+14,646175,24653830,78286,0
733,13434889,894528,94767,3892718,94767,1645030,9.4116E+13,114682,1645030,21208,0
734,48657172,1867769,179564,2597793,179564,3634119,1.40736E+14,96712,3634119,28011,0
735,48657172,1867769,474731,4100608,474731,2548565,0,189585,2548565,37112,0
736,24299114,1239676,135393,156396130,135393,61143445,1.40732E+14,1348888,61143445,524727,0
737,49977942,1663502,188801,133812595,188801,461594999,9.48235E+13,3483811,461594999,1436450,0
738,31863446,2876470,280132,204740749,280132,136795593,1.40732E+14,2764534,136795554,915719,0
739,31863446,2876470,376978,348880173,376978,357664123,0,3328005,357580147,1548526,0
740,68600544,1502214,169574,3214460,169574,5007887,1.4073E+14,198831,5007963,53809,0
741,39674466,2980452,284410,2037735,284410,3249184,9.4079E+13,138875,3249184,35539,0
742,374780249,1397426,168227,6124897,168227,4525203,1.4073E+14,215187,4521490,56112,0
743,374780249,1397426,95427,21760181,95427,7303298,0,201704,7303182,58078,0
744,38345600,578951,73029,453178,73029,3533372,1.40726E+14,148666,3533372,37613,0
745,98780462,3695100,352571,5478616,352571,6723968,9.43689E+13,248768,6723968,63725,0
746,28334972,555764,55744,4024329,55744,2019583,1.40726E+14,126760,2019543,22181,0
747,28334972,555764,203183,22374127,203183,3669942,0,192746,3669942,40133,0
748,5072977,2454179,260975,4943434,260975,22250857,1.4072E+14,509085,22250817,52894,0
749,56199997,2250677,267569,784275,267569,4221395,9.46719E+13,185812,4221395,41198,0
750,24443078,1162876,118513,4966821,118513,3490566,1.4072E+14,239075,3490566,46900,0
751,24443078,1162876,100884,4877625,100884,2428845,0,96309,2428845,24588,0
752,4551391,918024,108716,2933505,108716,2632042,1.40728E+14,130892,2632002,24035,0
753,36433152,2505030,402838,5834578,402838,20271324,9.44149E+13,474679,20271324,38452,0
754,34470019,3218608,319656,5201140,319656,18679873,1.40728E+14,609225,18672200,159560,0
755,34470019,3218608,124695,1555178,124695,2151740,0,172112,2151740,27836,0
756,38834709,885920,84445,3391334,84445,4146867,1.40731E+14,114376,4146828,42553,0
757,37416068,1306189,146867,1513341,146867,1845401,9.38954E+13,139265,1845401,24520,0
758,3773006,3014662,302300,4070615,302300,2358995,1.40731E+14,102003,2358995,20675,0
759,3773006,3014662,412587,6844761,412587,23821595,0,653314,23821595,76240,0
760,2966838,1845846,215931,1565975,215931,3727289,1.40725E+14,207422,3727249,50194,0
761,37397430,1980600,211398,23038642,211398,7341331,9.46137E+13,285489,7341331,77817,0
762,31265377,1508445,159616,5015983,159616,4764700,1.40725E+14,153747,4764700,44738,0
763,31265377,1508445,154080,3080898,154080,5083212,0,174233,5083212,44504,0
764,40335266,851104,74494,956913,74494,2002795,1.40731E+14,146331,2002795,26387,0
765,14249363,1763776,178317,3339915,178317,3862953,9.43954E+13,91321,3862953,29382,0
766,25439856,2717830,277346,1461224,277346,3084017,1.40731E+14,165584,3083979,37528,0
767,25439856,2717830,177396,25945377,177396,6647405,0,273389,6647405,67228,0
768,25487245,891798,91909,2851729,91909,5395843,1.40733E+14,188352,5395843,34697,0
769,7277642,1755531,184548,3388434,184548,2912006,9.47751E+13,180853,2912006,38676,0
770,53733812,1217298,133130,21562366,133130,5689933,1.40733E+14,182537,5689893,51955,0
771,53733812,1217298,284355,4405131,284355,6418507,0,190202,6418507,52368,0
772,22573667,1072290,110655,3999465,110655,3199700,1.40731E+14,139969,3199660,27806,0
773,15329733,1359450,154423,2681994,154423,2695392,9.45145E+13,168900,2694592,32243,0
774,25090870,2169524,248318,1910745,248318,19582955,1.40731E+14,449778,19582955,31151,0
775,25090870,2169524,543865,10114415,543865,6995980,0,278175,6995712,69125,0
776,3622342,2047635,342742,4344674,342742,2006215,1.40725E+14,144151,2006215,29601,0
777,48482068,2032412,194087,2083715,194087,22538593,9.49173E+13,578800,22538593,53360,0
778,32412394,997864,100575,2841009,100575,5798483,1.40725E+14,180114,5798483,47145,0
779,32412394,997864,319439,6309607,319439,3598628,0,197469,3598588,38681,0
780,38813654,1008238,116896,2110796,116896,921749,1.40728E+14,109158,921749,21200,0
781,7555704,1925078,187777,4208736,187777,5956527,9.48594E+13,142670,5956527,53519,0
782,87870914,2868021,422878,7085719,422878,5522270,1.40728E+14,200607,5522230,50115,0
783,87870914,2868021,206327,2473918,206327,3040129,0,211056,3040129,38339,0
784,31818933,1251021,164473,11392683,164473,3892835,1.40722E+14,105651,3892795,36002,0
785,13924029,1339987,147604,40599159,147604,7104264,9.39695E+13,294400,7105108,73575,0
786,91801957,3280442,326377,23979454,326377,4574413,1.40722E+14,162526,4574413,46575,0
787,91801957,3280442,127271,16450365,127271,2170282,0,150926,2171545,34236,0
788,53560436,1556855,180309,5442440,180309,626532,1.40735E+14,54562,626532,8419,0
789,76276887,516206,87919,2534535,87919,3792662,9.4029E+13,264130,3792662,50064,0
790,79111394,2171649,262816,23118781,262816,6870741,1.40735E+14,185885,6870700,48081,0
791,79111394,2171649,1380046,6606161,1380046,5039624,0,174668,5039624,56320,0
792,2945903,1340412,183352,3666187,183352,827520,1.40736E+14,109493,827520,13812,0
793,42793519,1416738,152492,2450400,152492,23686982,9.39204E+13,599281,23686982,78903,0
794,12613467,2069798,221896,3679573,221896,3561658,1.40736E+14,77347,3561620,24935,0
795,12613467,2069798,264272,9917706,264272,4236033,0,232876,4236033,48107,0
796,77901377,855154,78624,2007549,78624,17103405,1.40736E+14,493169,17103405,148312,0
797,21141275,2759327,282787,9509282,282787,28048373,9.47702E+13,725334,28048373,125979,0
798,119359007,1492047,153044,1135631,153044,6332006,1.40736E+14,305304,6332006,54942,0
799,119359007,1492047,461948,3545474,461948,45484618,0,1040574,45484579,297913,0
800,45317104,2678933,306239,6703685,306239,5533872,1.40729E+14,216359,5533872,50804,0
801,42964095,3377119,472909,3649347,472909,3634350,9.40537E+13,121960,3634350,29864,0
802,11498323,1079568,105934,2522536,105934,1659108,1.40729E+14,142474,1659108,23689,0
803,11498323,1079568,135871,2964018,135871,21784995,0,551932,21784955,57665,0
804,18587948,2144573,216176,5026676,216176,3700968,1.40722E+14,74707,3700968,31315,0
805,18963582,2027737,208408,4511482,208408,3879163,9.42513E+13,178832,3879122,47685,0
806,33680698,1264130,132061,774690,132061,3026917,1.40722E+14,193516,3026917,35318,0
807,33680698,1264130,398531,5554409,398531,4813397,0,214100,4813397,47025,0
808,14333514,1492555,171986,2892530,171986,2225488,1.40735E+14,164084,2225488,32241,0
809,15873753,1036000,114560,21063797,114560,2602483,9.44585E+13,173539,2602439,36671,0
810,120176756,3045522,297046,5642644,297046,8153873,1.40735E+14,223007,8153873,69431,0
811,120176756,3045522,147265,2712318,147265,4792799,0,176803,4792799,48180,0
812,28743975,540904,59882,2865496,59882,3980295,1.40729E+14,99450,3980295,27480,0
813,107546158,1261763,151653,3696420,151653,1473825,9.41617E+13,102615,1473825,18898,0
814,19939544,3914559,408199,24124516,408199,16818942,1.40729E+14,551424,16818942,147235,0
815,19939544,3914559,114071,1108945,114071,4269691,0,267971,4269651,48908,0
816,26696403,7580341,2552772,48254864,2552772,5443501,1.40732E+14,249876,5443501,63420,0
817,11605622,9715610,4337751,90370972,4337751,4296300,9.41712E+13,214216,4296256,44965,0
818,16722454,10358549,7686305,99216819,7686305,23850180,1.40732E+14,600536,23850180,68313,0
819,16722454,10358549,4055916,83225438,4055916,11580561,0,318416,11580561,93515,0
820,35197614,4909182,1293636,38507985,1293636,22659226,1.40725E+14,507286,22659226,58660,0
821,45680479,3485682,856389,68084077,856389,122269397,9.45009E+13,159352,122269397,302730,0
822,7182644,3923066,722535,43059451,722535,3480751,1.40725E+14,226725,3480751,39409,0
823,7182644,3923066,1041867,48804525,1041867,3391572,0,169970,3391532,47155,0
824,29224600,2633169,408300,3197019,408300,4199063,1.40727E+14,80357,4199063,27555,0
825,4714784,854364,122754,6795731,122754,3071410,9.48857E+13,157427,3071368,42078,0
826,39570554,1551953,155607,2710224,155607,22167473,1.40727E+14,560463,22167473,51714,0
827,39570554,1551953,284283,2464208,284283,2768989,0,204404,2768989,37696,0
828,30742457,2799079,286629,6421063,286629,5508689,1.40727E+14,115323,5508689,44094,0
829,81940425,1525556,170099,3473872,170099,5721046,9.47725E+13,186021,5721046,54107,0
830,27531075,1148030,113455,3017193,113455,2989639,1.40727E+14,233651,2989600,40134,0
831,27531075,1148030,396925,3405322,396925,1169733,0,140725,1169733,17563,0
832,89759546,2618744,276005,3768153,276005,2216754,1.40728E+14,125186,2216713,24716,0
833,35057030,1948908,188816,2454260,188816,7754983,9.46809E+13,236044,7754983,74438,0
834,13069297,916245,104983,4862443,104983,1859764,1.40728E+14,135477,1859764,29044,0
835,13069297,916245,179230,22339646,179230,6073091,0,249921,6073091,55402,0
836,4074729197,3274862,385925,3548524,385925,19089071,1.40724E+14,573105,19089071,214421,0
837,1315271393,1607366,185600,3408841,185600,107210515,9.40686E+13,1226369,107216171,428515,0
838,797689147,1273340,144010,3701278,144010,33017815,1.40724E+14,991309,33018568,477755,0
839,797689147,1273340,161698,21664976,161698,52367041,0,1134614,52367117,385438,0
840,867647152,7409680,1991798,67783168,1991798,130324018,1.40731E+14,3399183,130323977,1130937,0
841,323512285,4594043,2089648,103090571,2089648,152227316,9.47036E+13,3539927,152227316,1153067,0
842,701573939,5121071,1040262,120071581,1040262,203576132,1.40731E+14,5291958,203576132,2124585,0
843,701573939,5121071,1326443,141106468,1326443,264387969,0,6859704,264386721,2653239,0
844,32802965,6561678,1179964,73788114,1179964,85525785,1.40723E+14,2050784,85525785,660638,0
845,39059557,5599987,1090082,54555368,1090082,159714056,9.42149E+13,6386367,159714056,2560638,0
846,51587353,12876445,2409616,48799301,2409616,189795357,1.40723E+14,4816352,189795357,1780589,0
847,51587353,12876445,3702143,77222505,3702143,148190430,0,3402686,148190390,1286850,0
848,21358109,380567,52653,1196313,52653,210817,1.40732E+14,20890,210817,2695,0
849,27868761,1134052,153715,3446644,153715,18636698,9.47032E+13,421488,18636698,34711,0
850,26420597,720026,124042,6930768,124042,4836072,1.40732E+14,68497,4836032,34614,0
851,26420597,720026,548020,4938748,548020,6564924,0,145187,6564924,29558,0
852,357093039,202269,34265,627033,34265,245975,1.40728E+14,27751,245933,2874,0
853,119544632,177855,43521,769325,43521,3268901,9.38857E+13,79320,3268901,24154,0
854,60969511,271006,36005,3011016,36005,2215314,1.40728E+14,114210,2215314,34552,0
855,60969511,271006,295929,25611004,295929,5414133,0,88073,5414133,35157,0
856,85990069,370002,62770,158302,62770,2232231,1.40727E+14,88308,2232231,30282,0
857,23922467,1098555,138124,4541030,138124,4286661,9.48007E+13,134589,4286619,40147,0
858,20690137,6581100,1309690,7914551,1309690,5984077,1.40727E+14,127478,5984077,51232,0
859,20690137,6581100,110638,20282530,110638,6733233,0,181108,6733233,61981,0
860,23731583,473456,79182,4276241,79182,4509155,1.40737E+14,59520,4509155,33013,0
861,80603754,813666,137321,5818110,137321,4547536,9.45887E+13,150874,4547536,56952,0
862,22620007,214645,21735,1569330,21735,681891,1.40737E+14,23506,681891,5063,0
863,22620007,214645,156152,21408133,156152,4494631,0,108452,4494592,29506,0
864,3981590317,531288,76873,4534230,76873,4507312,1.40737E+14,61054,4507312,26882,0
865,1014146234,458716,83011,62225,83011,765607,9.48614E+13,26809,765607,2597,0
866,631980677,910194,139797,178991,139797,776383,1.40737E+14,31674,776383,5272,0
867,631980677,910194,379735,9018764,379735,24391528,0,601172,24391487,83959,0
868,41080892,9984981,3473362,53301960,3473362,25081433,1.40731E+14,819686,25081433,309832,0
869,1527483,10769348,4253693,88562403,4253693,3873710,9.43592E+13,77909,3873668,32155,0
870,14572964,11781710,3004369,44843884,3004369,20581336,1.40731E+14,458356,20581336,32574,0
871,14572964,11781710,3892316,71873220,3892316,1335949,0,34096,1335949,9684,0
872,21913928,1294237,176140,4769903,176140,56324599,1.4072E+14,1737801,56324599,606873,0
873,23466408,1300319,252473,611944,252473,2301677,9.39751E+13,48569,2301677,5893,0
874,28073445,359092,28302,5736569,28302,27105569,1.4072E+14,536952,27105569,62777,0
875,28073445,359092,84411,138544539,84411,2488699,0,34344,2488659,3663,0
876,22708891,726880,112324,6881547,112324,5641085,1.40724E+14,179732,5641085,62695,0
877,104453597,409280,52277,677673,52277,2193002,9.4621E+13,66667,2192960,14665,0
878,11257039,627115,90613,4505202,90613,4642885,1.40724E+14,64049,4642885,29294,0
879,11257039,627115,106695,17919057,106695,216144,0,7112,216144,939,0
880,40590471,467416,62568,18641630,62568,3652844,1.40722E+14,85664,3652844,26776,0
881,4530076,359376,44771,99593,44771,2337089,9.44828E+13,74214,2337049,17463,0
882,18355984,597029,74725,2876081,74725,6031218,1.40722E+14,186260,6031218,61926,0
883,18355984,597029,135864,6008312,135864,6566376,0,129936,6566376,50934,0
884,2263080,670798,113837,2228868,113837,176434,1.40734E+14,19906,176394,2556,0
885,42621999,297474,43919,21163155,43919,7339996,9.3854E+13,219999,7339996,69335,0
886,1591421,294046,24912,4617538,24912,230168,1.40734E+14,21170,230168,3334,0
887,1591421,294046,141332,8836666,141332,4434289,0,54699,4434289,26857,0
888,21561423,385132,49524,1178365,49524,20825676,1.40733E+14,446972,20825676,30918,0
889,18785160,2585598,445389,5031794,445389,227461,9.46054E+13,22901,227421,3114,0
890,7740562,180974,32855,3003746,32855,5552655,1.40733E+14,161647,5552655,58358,0
891,7740562,180974,97349,4485182,97349,1885698,0,29932,1885698,14242,0
892,49408082,2045848,476641,3411564,476641,5741792,1.40724E+14,93572,5741792,41236,0
893,2042532,735746,228797,1911610,228797,1178142,9.43846E+13,25284,1178142,2185,0
894,12989553,5138637,1677648,4854345,1677648,4474078,1.40724E+14,201551,4474078,64754,0
895,12989553,5138637,932648,4152352,932648,22019634,0,467768,22019594,30310,0
896,189881127,483048,74061,30136924,74061,315073203,1.40733E+14,3421045,315073162,1391443,0
897,257985377,218570,28329,20777381,28329,1146863021,9.43051E+13,6258265,1146863021,2724956,0
898,328997221,996360,112539,108186778,112539,167697681,1.40733E+14,3690576,167697681,2017036,0
899,328997221,996360,349170,39292650,349170,166842417,0,3205674,166842417,1452844,0
900,7946592,197952,22358,2800258,22358,4383869,1.40721E+14,147557,4383869,47776,0
901,19319960,796557,108987,714082,108987,3827573,9.39369E+13,91937,3827573,27931,0
902,15127830,309632,46062,3708214,46062,3838196,1.40721E+14,56499,3838156,23835,0
903,15127830,309632,152258,21292418,152258,3362170,0,76624,3362170,32967,0
904,199839677,319865,39508,14730850,39508,8495449,1.40722E+14,90092,8495409,22384,0
905,313074316,1007373,141977,8481839,141977,9087015,9.49122E+13,225926,9087015,85871,0
906,310646606,946271,137503,26244083,137503,9631779,1.40722E+14,207985,9631779,89532,0
907,310646606,946271,32360,40204196,32360,7337592,0,186206,7337592,59962,0
908,2858912,348438,47984,4126847,47984,20324061,1.40736E+14,438724,20324020,29218,0
909,25269500,3427122,1869842,5742082,1869842,170063,9.39822E+13,23381,170063,2668,0
910,52630042,805806,133848,6399409,133848,9039636,1.40736E+14,217223,9039636,102209,0
911,52630042,805806,39366,538709,39366,1387499,0,23302,1387499,7137,0
912,17918373,519164,96902,3516979,96902,710224,1.40722E+14,35752,710224,3108,0
913,25596756,258762,40207,1795980,40207,4368087,9.41152E+13,52015,4368087,26174,0
914,17723720,2578581,486361,4235857,486361,20447117,1.40722E+14,440401,20447117,31484,0
915,17723720,2578581,60607,4758658,60607,4419204,0,142142,4419164,49858,0
916,49261366,5608342,2449658,3695585,2449658,4983664,1.40732E+14,146070,4983664,46624,0
917,31145686,3556495,2314777,7595086,2314777,3313544,9.41447E+13,81512,3313500,15652,0
918,155633488,697579,166307,4657513,166307,22133523,1.40732E+14,464354,22133523,42975,0
919,155633488,697579,430291,4071054,430291,5764429,0,186203,5764429,62272,0
920,18710295,923434,124782,9251681,124782,1371057,1.40727E+14,36218,1371057,8402,0
921,4730655,466018,129902,4691103,129902,3805395,9.48968E+13,69167,3805351,41516,0
922,20720678,186497,26943,583747,26943,893293,1.40727E+14,17666,893293,5915,0
923,20720678,186497,219193,18507215,219193,9517880,0,271858,9517880,99104,0
924,37781325,497604,116763,19918426,116763,2322585,1.40731E+14,102812,2322585,35806,0
925,3067326,704546,167914,876838,167914,102091,9.48393E+13,11260,102052,2751,0
926,89210887,847048,197725,2403615,197725,4123553,1.40731E+14,108549,4123553,30851,0
927,89210887,847048,606584,7083380,606584,5593385,0,94275,5593385,44274,0
928,4516607,377307,64797,4952920,64797,5891405,1.40732E+14,104709,5891364,46823,0
929,147467236,620053,133349,18746711,133349,8272840,9.42142E+13,238267,8272840,83742,0
930,56894775,809392,130931,4285179,130931,5169172,1.40732E+14,114811,5169172,33884,0
931,56894775,809392,124488,686814,124488,579489,0,41430,579489,6803,0
932,51986847,656417,486419,68761,486419,3635678,1.40729E+14,66223,3635678,27953,0
933,12802640,2052453,793927,5878741,793927,4478741,9.48847E+13,70442,4478741,25401,0
934,40073968,11907947,5781016,7610059,5781016,49581876,1.40729E+14,1458165,49581837,371138,0
935,40073968,11907947,735105,1590858,735105,2290836,0,48783,2290836,7518,0
936,38692778,909344,376864,534038,376864,3287203,1.40728E+14,47845,3287164,19776,0
937,1464455,2223607,393669,7231206,393669,22857580,9.3964E+13,544407,22857580,66033,0
938,38801625,1600059,695585,144082,695585,173695,1.40728E+14,21260,173695,2531,0
939,38801625,1600059,151336,4697344,151336,1857746,0,34104,1857746,12771,0
940,62329367,190811,28063,305684,28063,3993855,1.40725E+14,125881,3993855,42232,0
941,96790502,430296,55365,4272115,55365,6620208,9.45042E+13,129898,6620165,52402,0
942,31269410,2470616,415845,6619605,415845,4623449,1.40725E+14,109722,4623449,32471,0
943,31269410,2470616,48304,299419,48304,1389958,0,65547,1389958,17575,0
944,1370893,1100753,145761,28426798,145761,296404,1.40734E+14,30055,296404,3832,0
945,12983712,902125,126568,15984528,126568,7377363,9.43857E+13,170115,7377363,64105,0
946,107995137,640266,78819,21965340,78819,1202680,1.40734E+14,35378,1202640,8978,0
947,107995137,640266,32199,115094316,32199,5557150,0,133803,5557150,45944,0
948,83584747,174105,32696,888875,32696,277275362,1.40736E+14,4582350,277275362,1802546,0
949,28397186,343777,45418,19681901,45418,1534152218,9.43705E+13,9861284,1534152179,4355057,0
950,50029348,1240444,158745,1569097,158745,284091693,1.40736E+14,5142747,284091693,2373211,0
951,50029348,1240444,221458,13378618,221458,430794035,0,6261188,430794035,2532833,0
952,382358189,9630635,3949058,34364932,3949058,99304262,1.40724E+14,2136217,99304262,934011,0
953,769437736,7646423,6684695,138521093,6684695,75880489,9.39499E+13,1869190,75880489,878148,0
954,583961231,12355381,4435358,52063596,4435358,90599649,1.40724E+14,2173073,90599649,1100900,0
955,583961231,12355381,3553532,18940489,3553532,90276029,0,2374964,90275990,1202902,0
956,7319059,2066746,250760,9526798,250760,33821575,1.40726E+14,803479,33845840,196157,0
957,37295482,2091368,225683,15678707,225683,8303262,9.3844E+13,309492,8303221,84553,0
958,16247709,2206634,256950,42948107,256950,7256189,1.40726E+14,284332,7256189,65433,0
959,16247709,2206634,275283,17792203,275283,9318451,0,328929,9318451,75489,0
960,1043885148,12579541,3138849,55162795,3138849,46318287,1.40736E+14,1393908,46318287,228239,0
961,776437443,9983228,3328484,70913251,3328484,87922451,9.45423E+13,1455518,87922410,731831,0
962,1040983742,12235625,7156396,33104405,7156396,117863980,1.40736E+14,2485072,117863980,1292935,0
963,1040983742,12235625,5083447,84501363,5083447,25725901,0,607935,25717711,242780,0
964,109212616,2075016,354181,2534038,354181,214768227,1.40733E+14,3789720,214768227,1526910,0
965,33324621,1623946,211403,5277859,211403,183190525,9.47956E+13,3907617,183190525,1608798,0
966,44309471,3055939,299940,3705150,299940,262546163,1.40733E+14,4483210,262546163,1948983,0
967,44309471,3055939,101896,3954622,101896,233917931,0,3563023,233917891,1240150,0
968,61810470,10088627,2991621,2981421,2991621,4584571,1.4073E+14,205826,4584530,52686,0
969,6208605,8499009,1986503,4737753,1986503,11715604,9.41514E+13,200717,11716225,38117,0
970,145462975,9663486,2372220,5016062,2372220,9341405,1.4073E+14,280222,9341405,90114,0
971,145462975,9663486,3993617,3301835,3993617,12032492,0,381615,12032081,124048,0
972,18270890,703925,67633,3069304,67633,1706949,1.40722E+14,148174,1706949,26854,0
973,67193195,1967386,250423,25358535,250423,11456406,9.4638E+13,330674,11456406,105445,0
974,22350289,2180477,621639,265016292,621639,2934406,1.40722E+14,172205,2934368,32993,0
975,22350289,2180477,208082,3359461,208082,1128111,0,128007,1128111,15429,0
976,3049885,3103358,305881,2242974,305881,2363856,1.40726E+14,203517,2363815,29784,0
977,41054680,1070791,109847,956318,109847,1021047,9.46775E+13,100935,1021047,14056,0
978,28842089,1817112,228871,26947103,228871,5619593,1.40726E+14,211004,5619593,59247,0
979,28842089,1817112,98176,2002355,98176,7553784,0,186440,7553784,59377,0
980,5933028,1782052,194573,4768599,194573,18480366,1.40733E+14,434725,18471944,29519,0
981,22589537,2231534,243338,8475822,243338,7102823,9.40356E+13,334357,7102823,82312,0
982,41400611,1879127,207623,957806,207623,4810507,1.40733E+14,142867,4810468,36435,0
983,41400611,1879127,145777,11249905,145777,1331013,0,110688,1331013,19728,0
984,11664136,2303508,226827,4678932,226827,4945706,1.40727E+14,213160,4945665,47112,0
985,25114282,1653640,187162,22956011,187162,7094770,9.47065E+13,276300,7094770,86474,0
986,23338608,1244955,124666,1026179,124666,1373066,1.40727E+14,134079,1373066,21545,0
987,23338608,1244955,422014,5724386,422014,18548225,0,468325,18548225,38784,0
988,101449032,1146700,153551,3293708,153551,19807767,1.40734E+14,529176,19807767,53466,0
989,12497886,2422127,266055,3212602,266055,2237197,9.39589E+13,157532,2237197,33086,0
990,51987883,980595,108649,3466765,108649,6639072,1.40734E+14,261708,6639032,65629,0
991,51987883,980595,478271,5840890,478271,4983624,0,150896,4983624,43173,0
992,7199722,1912408,198784,6553060,198784,3653427,1.40722E+14,168507,3653427,36953,0
993,26587040,1684592,197402,2702732,197402,2811667,9.39749E+13,202948,2811667,33307,0
994,32905660,1767881,175507,21624826,175507,4742178,1.40722E+14,199153,4742178,40086,0
995,32905660,1767881,160720,3097708,160720,3723896,0,119582,3723856,41558,0
996,42753666,1635578,162158,2395924,162158,5750557,1.40728E+14,222139,5750517,64586,0
997,28950425,973470,102868,2441945,102868,4249227,9.40316E+13,195129,4249227,36211,0
998,17265347,1184124,168727,5660948,168727,2679510,1.40728E+14,176808,2679510,32288,0
999,17265347,1184124,327886,20597642,327886,4809996,0,189131,4809996,48412,0
